sample,XRF_true_surface,age_BP_1950,C16_alkanol_ug_gTOC,C18_alkanol_ug_gTOC,Phytol_ug_gTOC,C20_alkanol_ug_gTOC,C22_alkanol_ug_gTOC,C24_alkanol_ug_gTOC,C26_alkanol_ug_gTOC,C28_alkanol_ug_gTOC,Cholesterol_ug_gTOC,Cholestanol_ug_gTOC,Brassicasterol_ug_gTOC,Campesterol_plus_x_ug_gTOC,Campestanol_plus_x_ug_gTOC,Stigmasterol_ug_gTOC,C30_alkanol_ug_gTOC,unknown_M486_20.75min_ug_gTOC,Fungisterol_ug_gTOC,Sitosterol_plus_x_ug_gTOC,Chondrillasterol_ug_gTOC,Sitostanol_ug_gTOC,b_Amyrin_ug_gTOC,unknown_d5_unsaturated_C30_sterol_M498_ug_gTOC,a_Amyrin_plus_22_dihydrochondrillasterol_plus_Lupeol_ug_gTOC,Triterpenoid_mz_189_371_plus_x_ug_gTOC,Dinostanol_plus_x_ug_gTOC,C32_alkanol_ug_gTOC,maybe_Lanosterol_plus_x_ug_gTOC,Friedelin_plus_x_ug_gTOC,Tetrahymanol_ug_gTOC,Diplopterol_ug_gTOC,n.alk_C17_ug_gTOC,n.alk_C22_ug_gTOC,n.alk_C23_ug_gTOC,n.alk_C24_plus_x_ug_gTOC,n.alk_C25_ug_gTOC,n.alk_C26_ug_gTOC,n.alk_C27_ug_gTOC,n.alk_C28_ug_gTOC,n.alk_C29_ug_gTOC,n.alk_C30_ug_gTOC,n.alk_C31_plus_x_ug_gTOC,n.alk_C32_plus_x_ug_gTOC,n.alk_C33_plus_x_ug_gTOC,n.alk_C34_ug_gTOC,n.alk_C35_ug_gTOC,C13.0.FAME_ug_gTOC,C14.0.FAME_ug_gTOC,C15.0.FAME_ug_gTOC,C16.0.FAME_ug_gTOC,C17.0.FAME_ug_gTOC,C18.0.FAME_ug_gTOC,C20.0.FAME_ug_gTOC,C21.0.FAME_ug_gTOC,C22.0.FAME_ug_gTOC,C23.0_FAME_ug_gTOC,C24.0.FAME_ug_gTOC,C25.0.FAME_ug_gTOC,C26.0.FAME_ug_gTOC,C27.0.FAME_ug_gTOC,C28.0.FAME_ug_gTOC,C29.0.FAME_ug_gTOC,C30.0.FAME_ug_gTOC,C31.0.FAME_ug_gTOC,C32.0.FAME_ug_gTOC,C33.0.FAME_ug_gTOC,C34.0.FAME_ug_gTOC,C36.0.FAME_ug_gTOC
1_A_18-20_EDGE,29.3,-10.3871785,107.542093,17.80133622,696.8213775,80.5648103,152.320712,118.9202667,292.8962124,145.3469926,82.95055639,50.46770577,100.2013358,100.3848547,24.4080177,72.67349631,99.10022224,0,58.17550083,167.1857453,54.87216009,83.50111318,53.95456544,63.4975498,97.44855187,19.63652552,43.80596861,16.88374157,1.835189301,0,55.97327367,96.34743829,0,1.211062971,32.76896667,8.489840759,26.83351811,7.419310692,42.94106896,4.633452527,59.32555229,12.12302967,51.10437738,6.766246019,20.00527228,8.055842083,8.55597389,2.074302458,49.56414253,19.43562972,472.6341974,22.08693885,251.4142226,202.3029207,40.30282029,418.5343442,102.9628231,1177.59027,100.9031284,1119.45137,103.1308123,1282.474014,42.17991794,192.3623374,13.66556302,63.0909318,5.214971672,28.93798006,0
7_B_68-70_EDGE,523.8895522,7175.011746,31.00553355,23.71554203,282.9254936,59.51955101,164.0709484,401.1340903,202.8278653,162.502216,82.40458767,34.41983337,47.89247593,75.57598802,29.80591469,39.95653579,62.56473734,0,21.68541781,281.0799261,82.86597954,57.12031329,119.3159371,80.1899067,90.34052781,62.19562384,0,41.89438164,20.02440708,401.9645956,30.45186331,72.80763681,0,1.98111763,24.25800148,8.398879982,35.44632766,5.977966455,48.32257421,6.405545799,100.3834135,3.656821442,63.10663907,0.9813964,12.86606609,2.321145013,3.147798413,4.032509013,35.96230958,25.25245572,254.0560583,26.92778476,109.9724337,169.5038795,22.81270786,343.9565053,46.82398181,439.3064327,57.56846091,816.1356105,72.52390219,952.0769761,35.52283534,277.8063112,11.026808,98.66862378,3.387946806,30.68861879,0
8_A_68-70_EDGE,653.3188679,8488.309903,14.0836686,13.2438168,274.7607457,62.85967683,83.98517973,370.6330586,175.2706097,134.5054955,78.55844504,39.02080658,68.86784738,76.42651356,35.40298346,42.83244166,75.13443387,27.39208939,25.7123858,262.2921767,74.68220598,61.89061707,173.2678862,51.61858354,99.94236388,77.58938528,16.5580012,22.99901845,66.86512387,193.1013094,57.10992222,83.20993192,0,2.263480698,24.19632215,5.959544116,35.68563556,4.724657811,43.25110491,6.084178813,97.83250655,3.88659692,58.36485261,0.689072288,12.66116608,1.36381875,2.326514338,7.46275386,49.42108094,21.07114818,287.1147239,20.05798403,112.5732024,175.4240408,27.51807167,340.2765135,47.48540416,417.3169826,57.89433273,655.1785975,56.05730615,696.1877497,34.02898446,206.1015849,10.85952,72.52655609,3.010164026,16.65321922,0
9_A_78-80_EDGE,986.8263158,12323.55939,0,10.83679029,291.3126262,41.37683565,732.6655398,1307.705039,458.1991966,168.7583797,61.57267209,57.82905363,21.5750643,44.62787273,16.25518543,66.89255096,71.62133218,0,5.71394397,112.3085539,0,82.55663874,35.76140795,18.52105977,62.95189995,6.108009072,15.50646174,9.95014381,44.82490528,0,6.206525347,26.69791062,5.171306984,5.953641018,25.79173554,7.34603755,62.190024,11.29405859,93.35062562,8.389149594,73.34816193,5.014840178,64.80254553,1.291246273,18.3982838,0.902449966,2.941259871,3.881257034,56.83068915,27.49410691,404.9463534,17.89192188,122.2287484,117.6604192,32.5840502,202.9835732,41.26639975,239.7797969,31.21831886,343.56977,37.61229721,298.8175303,26.80703467,138.3370869,9.994797737,41.39259669,4.652460563,20.1298143,0
1_A_48-50_EDGE,59.3,26.772938,320.6164215,50.13648933,607.1657413,76.23317481,217.6437857,271.3798179,220.2148878,177.0203739,67.74853815,85.23203187,81.37537884,130.9976478,40.62341187,40.88052207,117.4993622,0,8.227526455,236.1557203,0,143.981713,91.53123181,58.74968109,88.83157469,33.03866092,24.07837039,18.64048962,18.12626922,11.69851418,29.4391181,40.62341187,5.387132068,2.802444802,14.67969819,4.748061041,22.80773489,4.151594748,66.76635385,5.761106965,100.8880129,5.429736803,66.39237896,2.163373774,21.80415668,2.357462012,3.985909667,0,0,9.248443824,149.2814957,27.01955673,127.7570906,149.1363408,32.6805997,347.3557903,95.65711067,652.284863,117.0363609,625.4311977,87.23812369,534.2738904,57.95829706,279.2781198,20.07285565,67.97398846,2.633525483,1.389340216,0.37325558
1_C_18-20_EDGE,229.8,3164.735032,12.5426903,16.3156947,282.2615183,102.5849304,343.2414272,393.2082423,76.68376509,48.53919173,51.59838449,35.0787436,25.90116534,35.48663597,12.23677102,25.90116534,17.13147943,0,11.72690557,236.9854655,31.81560466,83.92385461,36.20044761,30.0820621,92.7955136,118.2887866,0,2.549327297,4.486816042,22.84197258,5.506546961,17.33542562,0,23.32006674,159.2124557,64.51885132,99.00428336,31.41142324,349.2356662,16.50071389,127.2003641,0.777335558,39.53811316,20.21072451,96.49560951,48.72480612,8.16202336,#NV,#NV,#NV,#NV,#NV,#NV,#NV,#NV,#NV,#NV,#NV,#NV,#NV,#NV,#NV,#NV,#NV,#NV,#NV,#NV,#NV,#NV
2_C_8-10_EDGE,494.8,6936.603052,75.23738739,29.02013514,247.4235225,54.70832883,182.5044054,387.794991,141.6612523,88.24270721,69.00343244,32.02963063,33.10445045,69.11091442,30.09495496,38.90847748,28.37524325,0,15.36992342,293.2108469,57.39537838,70.4006982,96.62630181,68.46602253,108.6642838,111.3513333,9.07147928,19.02431081,23.00114415,289.5564595,26.8704955,69.64832433,0,10.9289124,86.39992835,102.6666374,97.05742736,14.42109799,99.02969798,11.07366621,125.8091522,3.347431779,58.53482057,8.124307399,27.7384482,9.445185884,3.763598973,12.93347645,52.32417815,34.75044679,263.1060244,29.79089865,105.7385746,201.7219008,26.85214057,321.6774267,51.18984694,427.6029559,64.60016262,737.45603,62.9616842,752.6875775,25.77032469,174.3887198,9.015832536,40.09860841,1.170041641,6.845898936,0
4_B_68-70_EDGE,904.3,11236.14507,0,0,95.42411766,39.82576811,270.8940861,436.1118766,457.4048615,260.2475936,42.9802844,49.68363151,28.78496111,46.52911522,11.43512154,29.57359018,92.26960137,0,5.914718036,260.6419081,207.0151313,97.79000487,195.5800097,5.914718036,173.1040812,49.68363151,9.463548858,17.34983957,45.34617161,248.8124721,21.68729947,31.54516286,2.716259424,6.834935398,38.94289326,51.32844574,98.27249448,28.16642924,297.7551771,25.14016195,267.4482173,12.00173322,115.2934027,3.601996193,22.97010687,11.45552887,7.824008123,1.01326917,20.35460207,20.73696779,266.8657847,16.80497359,100.6322859,143.4253833,30.46180272,350.2342582,65.00854594,532.8967375,104.4686887,715.2214605,93.15066326,660.9765097,69.46310663,309.0662152,34.54037045,99.70823544,8.392927654,15.70248575,0
1_B_58-60_EDGE,169.8,1778.97214,16.35325908,22.87169102,384.2444092,112.071286,614.2192625,1052.212146,119.3902271,110.2415507,65.18431942,53.06232318,33.50702735,61.29613195,21.84246493,84.39653988,46.65824969,0,22.4142572,176.1120209,40.71161002,93.08778247,68.95814844,20.1270881,74.56171274,32.93523508,6.975865763,9.37739332,15.78146681,6.975865763,11.09277015,53.86283236,0,4.371970407,21.45233301,5.736273229,28.57062728,7.556820177,93.49017975,6.267819783,58.37267074,2.157193099,29.21734225,3.623375677,22.26294151,13.5278598,2.697598762,5.334247924,37.7272663,32.75775328,228.5337705,29.57544127,87.16252292,150.2023913,44.9946092,368.7652215,66.23585799,547.1935349,129.8866574,636.02472,100.3932814,705.4839227,43.50375529,245.5760087,16.61823392,87.24914746,3.756769478,18.47838191,0
2_A_58-60_EDGE,345.3,4301.257538,19.28839651,24.11049564,315.906299,101.499306,469.2725737,695.6760084,166.0683895,146.6623808,65.98042953,41.63470955,41.63470955,49.0442765,19.87645738,53.86637563,48.5738278,0,25.75706607,293.0895373,84.68076518,68.92073388,77.27119822,56.80667997,151.9549286,143.4868521,3.775350781,25.40422955,1.764182608,148.3089512,16.34809217,44.81023824,0,2.095696218,11.26362925,10.62016196,28.66085955,6.653097572,73.98693157,2.668323073,70.84043555,1.623426648,40.76276729,2.71555003,22.01956872,8.666146616,2.255087198,4.975311332,36.16878522,29.26519966,242.112111,25.58601605,91.17007887,170.7341298,45.56912207,419.3268794,79.68684202,611.8677897,212.4876338,990.9965184,137.7670075,1173.532232,59.71283162,418.0807777,24.51727915,134.2788322,6.621620932,35.96413347,0
2_B_8-10_EDGE,394.8,5102.59771,40.6770081,23.52192207,248.7487474,73.92604081,394.1248372,595.0338859,125.8334403,144.9339484,75.69460638,36.25559418,47.13227243,46.51327448,22.72606757,43.32985645,41.38443433,0,20.69221716,248.4834625,73.21861458,65.87906746,57.65523757,51.02311668,122.2963091,100.8082375,0,9.550254075,7.51640367,116.0179014,11.40724792,46.33641792,0,5.300387116,35.65116858,40.2319531,38.39388247,7.113785656,82.60626592,8.585886965,88.53167929,3.232043657,44.66059307,2.882522396,21.58396584,9.469970154,2.968874707,4.729381411,38.99439381,25.12828917,222.3146638,21.84961944,90.57900208,195.5639085,38.83797458,374.6700604,68.32146583,490.1442563,146.9389974,784.0314523,102.988261,971.1303201,44.06421708,295.2366952,17.4269424,102.292042,4.385872515,33.94297281,0
3_A_98-100_EDGE,657.3,8532.09519,14.46070209,13.78586932,259.2321861,72.01429639,105.4667205,396.9944746,212.9579394,136.3162183,68.73653725,35.95894585,44.53896243,80.20869424,22.94431398,38.17625351,80.97993168,0,21.49824377,251.6162163,82.23319253,44.92458115,193.4841939,50.32324326,97.36872738,74.61722276,8.792106868,19.28093611,80.69071764,177.6738263,53.6010024,81.26914572,0,3.294819538,30.24830883,9.00466365,42.6309818,4.716608536,47.95260693,6.904751886,106.5736731,4.204865333,62.45787979,0.700810889,13.65068692,1.338599216,2.079744544,3.128986533,32.15929365,17.75162436,288.4017939,21.34398753,123.7979939,225.8363945,55.77239355,473.0788785,62.92845741,488.0120264,95.37915286,759.5937263,69.61159048,816.7658039,43.54784922,238.0083909,16.43792773,84.47785932,5.035040926,16.05576143,0
4_B_18-20_EDGE,854.3,10719.71486,0,14.44149646,214.5407897,117.873836,151.0502467,277.7711256,265.801597,175.5097182,59.71753941,33.5667215,43.58469652,49.82966796,23.02833219,29.01309649,94.97560734,0,6.11486787,475.1382439,67.133443,91.46281091,221.0459683,31.09475364,179.9332397,58.02619298,25.17504112,38.6407608,85.47804661,192.9435968,34.34734293,141.8128932,0,2.483746472,21.92767414,34.40683829,59.14156897,8.348651462,125.0998436,12.22535064,168.2632479,7.411958754,96.51862963,1.211657342,22.57127268,1.586334426,3.622885669,0.699914689,37.61634527,15.94069269,303.8606376,15.77249613,134.0526529,131.8281178,29.20109191,279.2442582,60.07872367,530.1067044,80.53359481,528.3379278,72.26483523,578.4170951,65.7648523,301.9453672,23.84050499,84.94468506,6.391469022,13.56423816,0
6_B_68-70_EDGE,256.1181818,3479.286158,8.119789742,15.97335687,277.4039643,87.78690713,378.1026682,515.2073147,124.3925166,86.98823928,50.64885241,30.94837893,20.2329187,40.13305913,15.37435599,42.52906266,27.22126233,0,12.17968461,260.6984952,44.9250662,70.68210415,49.71707326,49.31773933,113.8767233,106.3559345,0,17.23791429,8.45256801,132.1129724,10.84857154,38.53572345,0,6.237954945,41.17950478,19.96622166,40.73734074,8.790327002,88.26070801,7.65976386,83.25922377,2.49941828,29.20930346,1.321196739,13.94272952,7.254667465,3.063376006,2.171721074,34.71562944,19.31216426,218.0854667,18.96117904,73.11859796,134.1202288,28.09078333,341.7858216,57.52169207,467.4265664,69.89990392,690.4776763,81.79152262,787.2658403,48.18867588,259.4020114,11.79390122,72.40067364,2.580539091,18.89138084,0
1_A_28-30_EDGE,39.3,4.047767,799.0294457,61.4042648,565.7964399,74.30432043,211.5609123,179.5687744,274.2551827,199.43486,140.3526053,122.5505285,135.192583,175.4407566,63.72627481,107.3284628,141.1266086,0,15.48006676,246.1330614,0,162.5407009,108.3604673,94.94440944,111.1984795,30.18613017,6.192026702,26.05811237,10.83604673,9.21063972,62.51366958,84.70176527,13.1141066,5.512104569,30.68230718,9.652713925,45.84712568,8.725321924,83.58283681,7.197084401,102.4180377,5.146372512,85.0588269,3.226279214,27.71726515,2.651557411,5.133310653,0,18.71544269,28.20925655,389.32258,54.45878087,225.3256555,216.5612976,34.19732721,413.2313131,91.25819698,613.0369002,88.7758695,662.4657017,65.40061909,453.7651078,35.34050434,181.5474152,13.69635073,62.35214675,2.166592842,3.418643981,0.925429103
7_B_78-80_EDGE,536.5761194,7336.444838,54.19227024,29.08849799,342.2879422,92.84411004,168.9523719,403.851955,220.7538067,118.9440637,95.23494549,42.83580184,48.81289047,126.3158064,39.84725753,51.6021985,52.99685251,0,24.50606338,361.6138621,86.86702141,81.08916907,195.8492707,246.6545241,135.8791482,244.4629249,0,47.01976388,19.3259199,522.1983099,47.01976388,83.48000452,0,4.831939618,39.12312401,16.39277799,53.73169917,7.896258223,53.44980839,7.415385715,97.8525809,3.35284211,70.42958248,3.886776412,21.32089211,4.059227243,5.28628123,4.413042203,34.55894854,21.60781317,241.5568859,25.58886851,126.8347293,210.3098366,27.51163354,362.7927267,52.9734471,516.9273312,82.28926104,975.7397247,91.94543784,1197.941905,45.96848375,263.5373936,9.817113077,37.5997972,0,0,0.49127917
8_A_78-80_EDGE,664.9789474,8568.997954,0,16.46848528,193.1304183,125.0107746,102.7408911,430.0520361,292.3156137,190.510432,58.20112412,42.10692259,25.63843731,79.90958199,29.75555863,30.69126802,100.3080467,0,21.70845787,247.7758467,89.07953402,57.07827285,197.6218234,26.5741467,87.76954087,65.12537361,10.38637424,18.52704594,17.40419467,118.6479508,50.34116523,79.34815635,0,1.805769906,31.321424,13.27324151,45.84371584,5.557679184,48.5059774,7.189771616,113.4827652,4.627434081,65.87372485,3.406933472,16.32330346,2.49096323,3.038166232,2.946727749,41.14716448,17.26654032,298.7539572,21.70446928,140.030215,150.30452,30.44476345,259.9969956,48.78867881,432.9406612,74.66708449,734.3060042,84.62031744,1114.020058,63.21551539,337.9461497,17.53053288,89.17240534,1.498336144,0,2.097670601
9_A_88-90_EDGE,1001.149462,12453.60637,0,6.518547359,246.542578,30.82413868,142.4984772,180.1443514,216.7795982,152.5542208,36.78684091,42.80007452,37.64587428,105.004197,24.20452857,25.41728156,71.70402095,0,1.111690247,183.5804849,0,105.2063225,21.17264607,16.06897721,60.63764985,11.62221622,11.85466055,8.741927854,30.1672308,3.688790366,6.973329733,19.1008597,6.110560611,2.637350892,23.40300061,7.028051729,67.03301736,8.804426165,88.78488281,4.653389358,35.23898487,2.45803894,42.70938593,0.946795016,14.27727812,0.280480174,1.111803875,0.540704674,28.19590865,13.49213861,287.4369061,16.2183093,105.0693925,85.54740596,15.23598196,247.6427406,30.04732674,215.2853876,28.27234334,238.1874861,26.66155297,200.2419078,11.64355143,74.15014409,3.445222974,17.30821139,1.203138672,3.929309357,0.393497119
1_A_98-100_EDGE,109.3,799.23093,0,10.21490408,355.4440351,88.99085925,221.4383443,273.7248025,197.3727229,177.2891826,73.06253425,54.88346767,56.96107528,69.25358697,20.60294212,39.12827664,100.763969,0,6.405956794,212.435378,0,104.2266484,50.72825245,10.90743995,59.73121876,22.68054973,15.4089231,14.71638723,33.93425761,17.31339674,22.50741576,66.13717555,1.439533672,2.408169041,17.23536586,7.990631824,29.94474027,4.88953471,69.72466737,6.126557713,79.82580195,3.413402724,48.58792126,1.393175808,19.57277816,1.664003329,3.384124073,2.609141165,70.38773655,33.06224917,335.0186484,25.87972661,146.7272687,143.3009248,30.15281063,277.3123225,62.87045625,437.1689865,75.40417966,437.1591407,67.05985084,375.647407,43.96649008,197.950125,16.49174132,63.50551137,5.267511408,15.7877655,0.507059509
1_C_28-30_EDGE,239.8,3411.46018,14.04256467,21.21648358,327.8633577,147.1416559,414.4082943,639.5472387,175.3794218,296.1149506,51.28588836,35.41168482,28.23776591,40.14341857,12.51619894,27.77985619,113.1037002,0,12.05828923,255.8188955,41.51714772,82.72902229,56.78080497,40.44869171,109.4404225,116.3090682,2.396394188,9.463467494,7.204446222,37.39596026,16.02684011,27.47458305,0,3.944296885,28.62489535,19.8103959,30.84001739,6.059776754,110.4357139,5.078684641,76.28144474,2.305566465,39.71276918,2.297901683,17.88040376,11.20591148,2.619822533,0.996200028,29.51400209,23.39809053,243.6970081,27.14960329,82.27477319,150.400984,36.12170861,357.1629303,57.83004213,513.4654536,87.00987586,812.9559684,113.6802943,1095.120169,58.44793835,452.6657266,23.88988548,168.5154313,6.468995118,39.38142642,1.664536756
3_A_38-40_EDGE,597.3,7924.68915,50.23903686,28.76816356,274.3500477,69.18392506,106.2317064,411.8759027,275.4727077,255.545492,62.72862982,36.34611885,38.31077392,90.37413334,17.54156315,41.67875404,105.1090464,0,45.18706667,240.3895814,195.3428472,70.3065851,192.1151996,70.58725011,158.4353984,115.7743168,0,32.4168087,35.2234588,314.6254766,44.76606916,56.27333458,0,4.054992979,31.92696279,15.51462299,61.00199529,5.871800828,59.71648923,9.209231043,135.5796674,3.60613457,72.95933904,3.340483674,17.32837738,5.624470684,4.027511852,6.42131027,48.81546475,29.28139994,263.1836764,31.11606002,108.9033962,169.2389504,28.59480936,293.5737513,43.43529594,384.0911522,59.27752942,712.8948792,68.56901343,986.3155086,41.45994107,317.0247591,14.96429799,108.1717833,3.669320154,24.21075967,1.485736995
4_C_18-20_EDGE,954.8,11849.7688,0,7.27687349,194.3255989,66.81492932,259.8174603,452.3238408,388.8165813,262.2982126,56.06500257,60.19958978,27.1228921,64.66494397,22.98830489,41.84202257,162.0758186,0,9.757625817,292.3980075,0,81.69944328,181.7564538,12.07299465,158.4373819,17.03449931,14.91759066,14.71913047,70.12259909,64.00341002,24.14598931,23.48445536,9.791196743,5.406261789,36.97376001,17.51525102,92.83702464,21.46803076,167.6747844,21.52421094,182.5927826,11.73445471,115.2500348,2.293303695,28.21253321,1.253250135,4.004638362,0.475395386,23.23494948,21.3135598,315.0881001,18.32913321,122.6388041,129.3009422,35.80651635,221.1314842,55.50241129,453.7913066,96.26756562,724.8591145,89.61203022,672.7306899,77.46963974,337.9731057,36.75070441,128.9047794,11.42269469,20.69290471,2.489223062
1_B_68-70_EDGE,179.8,2052.7476,27.76978717,24.45597009,241.0470548,91.92528594,668.396906,1165.602021,161.3166157,162.0456555,48.71311115,36.78336964,24.72107545,44.60397796,16.56908543,28.83020864,42.08547698,0,15.97259835,152.7669676,53.15362604,66.01123633,52.75596799,13.78547907,72.83769953,33.73465793,7.204238343,7.820608321,10.93559638,11.20070175,12.52622858,45.00163601,0.167593941,5.785634295,50.68623697,20.9200958,57.01837325,8.623801245,126.3913346,7.487077126,70.97603382,3.705283425,40.16425219,3.238935068,28.70228399,23.86027645,3.923884217,0,0.648561498,5.618845874,119.4807873,20.54788297,78.00315809,130.4942102,25.17267197,303.6237622,47.86020175,382.1845619,54.5276564,608.3870529,72.85103405,770.6789605,33.16755623,230.9242612,8.122172029,52.27890579,0.963750263,3.327666003,2.606368636
2_A_68-70_EDGE,355.3,4448.82176,20.24103746,27.9986157,281.3236705,115.1153276,446.7295052,742.8549916,203.1237151,157.559089,67.76735009,30.67364267,35.8453615,41.37375058,15.60432403,41.73042085,36.73703716,0,12.3051241,279.6294867,50.82551257,57.24557732,70.70987977,55.01638817,114.7586573,151.4065269,3.914456144,11.85928627,3.477535071,141.9547649,15.06931864,36.91537229,0,7.842378352,48.43733969,40.90147947,70.69354594,15.4829033,134.3670792,11.04212853,114.4434011,3.581028818,58.7542912,5.412661512,29.8967312,15.84922984,4.261349533,0,1.786538705,6.835452435,134.7127859,15.90019447,87.26853194,173.3330921,32.9422202,386.6924188,49.85996498,430.6723412,62.98714067,719.3692283,82.85655809,916.9293388,39.46697025,266.6836232,10.19103818,55.47591056,0.807826197,2.190451803,1.996262813
2_B_98-100_EDGE,484.8,6914.589826,68.75557056,51.77681108,263.9272513,79.17817539,207.7796704,394.8822378,208.1158835,182.7317975,101.4522905,41.85852584,59.08944511,75.73199153,27.48541757,36.2269571,45.22065643,0,16.39038662,310.49276,57.40837982,73.71471318,112.5473215,64.04858773,110.4459899,127.004483,10.48984744,13.95284195,20.08873027,203.9972735,25.13192616,76.40441765,0,2.661212306,44.32283636,55.46111185,64.36581112,7.592185418,76.97449687,7.151391291,135.3830083,4.059253382,69.44152261,2.934241505,19.18112356,3.720434015,2.914504454,0,6.358282623,9.328514843,165.0547289,23.50951213,111.3216561,266.1005398,28.7922232,335.102592,45.43876144,385.1290798,58.71793334,713.9106204,61.84950129,759.5851802,25.86749593,185.7718918,6.478250219,42.79947431,0.835636363,3.48733393,1.385832582
3_B_28-30_EDGE,687.8,8729.743282,27.14073427,34.66166063,251.2970396,120.3348218,109.1351815,#NV,#NV,192.2741175,66.13510248,37.60463182,22.59547877,82.15794561,174.044046,44.55331379,18.14832231,21.6635379,23.78901709,131.6979606,42.0190886,221.1315849,172.409062,52.64648455,57.14269053,8.174919961,27.97457611,19.70155711,21.0912935,145.5135753,42.0190886,131.2074654,0,3.075675788,37.82658675,9.925336978,46.37087191,5.079424078,56.42741993,7.247742149,129.2962506,4.943765203,76.21137641,2.101600593,16.41472378,1.485575869,2.497457635,0,3.152717297,5.125434837,187.7288843,14.77722771,143.4516626,179.5657065,37.45137687,307.175116,48.16214389,390.7009448,57.89865469,611.3608992,61.26316682,933.4040121,45.94132383,275.2909174,11.64871554,80.28839365,2.656512271,5.688203952,2.414461039
4_B_28-30_EDGE,864.3,10881.99338,0,7.001602733,81.39363177,83.63025487,142.3659222,241.5552943,253.0301432,205.7693248,39.09228193,31.99343471,29.65956713,42.39859433,30.34027851,14.78116133,119.4162244,0,5.056713085,366.4172097,0,130.2395353,160.5214671,18.7681851,135.1698305,42.30134985,19.41972314,38.50881503,89.46492381,131.9607626,19.64338545,101.1342617,0,4.103780131,25.18033732,50.54656015,70.24089174,14.6706565,192.7060795,16.48184866,242.2135873,11.31041841,133.2703789,4.694800731,28.22599993,1.234470446,3.079026672,0,7.825619143,7.637991911,223.6282074,13.9860466,129.7676845,146.8730338,32.88949025,287.0931187,52.9890575,397.1599438,63.85580136,350.9723735,51.55839985,362.4489058,38.94828629,195.0150545,13.70460575,52.11346375,0,0,1.876272322
4_C_8-10_EDGE,944.8,11748.00497,0,0,335.0289772,188.2437062,533.3571677,1412.948295,1800.64069,1092.485795,129.9777972,140.0622814,79.55537585,145.6647727,66.10939683,85.15786711,591.6230767,0,31.37395104,634.2020103,405.620367,0,881.3839245,16.80747377,527.7546764,69.47089159,0,54.90441432,248.7506118,339.5109702,89.63986011,186.0027097,18.81762295,21.39884611,117.8252454,54.44862499,285.1188734,69.28812755,494.9874999,76.17138931,718.9263233,31.78447341,436.8947952,9.788403118,95.91015464,4.787915899,13.56407464,0,0,0,273.5103183,33.78274715,312.1006102,373.6891569,80.16905766,541.3035563,121.7478234,1235.279143,261.5564231,2173.010244,269.2225081,1998.509361,223.6157994,951.5040669,87.05554074,264.4149633,0,0,0
6_B_78-80_EDGE,266.1181818,3532.042874,10.19677994,18.3542039,234.1551467,97.14750344,366.5278899,474.7991533,200.0422829,213.9469828,55.98959168,34.6690518,25.77004385,49.87152372,19.83737189,43.75345575,74.34379558,0,11.30915594,332.0442341,52.6524637,86.57993151,66.55716362,60.80988765,147.2044232,175.570011,0,14.27549192,10.01138394,123.8445273,17.7980159,43.38266375,0,5.269077459,25.6317546,26.44733482,32.29590349,9.980126348,82.84041435,7.09340163,81.48290254,1.727742303,32.92905129,4.292527462,16.70329748,11.32154118,2.774045872,0,12.19815786,11.42179183,185.8541334,17.93537127,87.37407572,149.1543898,33.06792956,330.9819468,56.64840301,469.0961484,81.13682996,837.1726011,106.6647979,1101.37391,47.91099544,322.981429,8.342645182,50.16114106,0,0,0.592143585
1_A_58-60_EDGE,#NV,#NV,#NV,#NV,#NV,#NV,#NV,#NV,#NV,#NV,#NV,#NV,#NV,#NV,#NV,#NV,#NV,#NV,#NV,#NV,#NV,#NV,#NV,#NV,#NV,#NV,#NV,#NV,#NV,#NV,#NV,#NV,#NV,#NV,#NV,#NV,#NV,#NV,#NV,#NV,#NV,#NV,#NV,#NV,#NV,#NV,#NV,0,15.6513694,23.93050499,257.1212817,30.07403317,135.6256982,121.0860149,21.38532904,172.3405928,39.26007054,235.6774428,38.76273731,228.1589345,30.65913109,180.3856892,24.72038719,99.84696032,6.377567346,31.24422901,0,0,0
7_B_88-90_EDGE,549.2626866,7473.12724,75.07963809,36.95574831,296.0176679,80.54866406,124.1946772,359.3627939,198.6371472,150.2654709,65.57521431,27.1327405,44.97344658,97.75220207,14.33628167,30.47787289,69.29202808,9.292034417,12.53097213,284.9734212,23.46902407,47.04424282,170.6017519,78.8495492,77.94689442,140.4955604,8.676105279,32.54866913,29.89380215,384.3185435,41.30973015,79.43361993,0,2.036145833,27.52190451,10.79157291,41.38466405,7.004907261,45.07517837,6.170653065,105.3366111,4.482348812,68.98009605,3.404888309,15.9243572,2.542354311,3.665062499,10.28971619,51.10714242,23.05486185,235.5770771,23.40406036,121.6607621,213.8414096,32.81690029,364.3304489,53.86969066,453.9658273,75.7062377,774.7706216,82.34100945,1011.992812,50.4320253,349.7184312,17.5220054,110.2846505,4.058462722,20.30783354,1.614073128
8_A_88-90_EDGE,679.8210526,8677.971387,13.29357297,31.16127858,309.7545444,129.0763053,95.48501875,380.0818336,259.2246729,215.341588,80.04732111,57.74842452,80.61908769,115.4253782,48.60015925,33.73422818,123.573052,29.08862472,26.80155841,342.0593561,82.33438743,104.7762257,238.8554885,64.68109429,109.9935957,103.4897509,19.56871118,20.94095097,19.51153452,192.7568081,67.8972813,184.1088386,0,2.193883916,29.22373588,11.72676033,50.25496827,7.459205313,54.70885315,7.453194672,111.6596753,4.610161543,73.94290392,4.23750181,16.49920917,1.983511485,2.386224423,0.671649478,26.50916535,14.16760618,276.9714536,18.51233875,146.7134329,173.0546859,33.6664301,302.7669914,46.74260588,426.8962106,59.92372689,600.8324364,55.83086288,747.6088365,35.26159761,254.3242728,16.22453271,76.77793099,0,0,2.014948435
9_A_98-100_EDGE,1009.966667,12795.57638,9.530342699,14.70138038,391.1048207,40.01541367,766.2155016,733.0847835,246.6464716,227.9164921,48.71899162,47.69680975,42.01468114,127.6524767,36.06197498,28.54593184,58.36959101,21.97691013,9.500278526,104.6233205,0,81.12816963,15.82878685,18.03850353,27.65903875,9.800920252,17.69426875,7.06508055,25.22384077,13.55894182,16.05426814,57.75327547,20.07348418,5.45018611,23.52141439,8.532054567,104.7290077,11.71876886,138.5900189,6.354855894,55.65336794,2.95185962,75.02288723,4.686908425,23.86351137,0,1.571489301,1.936914096,31.06821294,13.86874829,251.4635441,19.25275986,96.44945487,101.2044543,43.88676031,243.3528895,49.09897121,244.4058614,42.82824646,352.5100526,43.78977606,283.834117,18.64037357,94.42941141,7.221170436,28.30831818,3.000969909,6.736249168,4.680182988
1_B_18-20_EDGE,129.8,1291.21188,24.43261974,36.27516168,216.2739303,90.0977443,243.1458776,367.6302719,193.5724463,178.7397608,94.50427153,62.28154114,45.95378399,107.3697573,116.6549397,49.49474337,31.94732243,2.990143479,8.695022484,182.9889121,0,141.9924713,38.00629738,47.37016774,47.68491969,4.445871225,38.71448925,4.721279177,45.12756013,27.46210721,22.74082804,61.14056534,0.43745156,3.561764069,16.503637,6.009580449,27.05028336,8.223133153,71.78986478,5.550614878,76.3484447,4.537065908,34.91963055,1.388848942,14.68928873,1.773710697,3.064551367,0,14.54190583,12.56387924,247.9490435,20.78974154,116.949117,149.5388102,32.37142827,346.1410118,85.55988121,602.4796164,122.7740642,780.2428198,125.0658468,828.6158011,75.84708858,365.9485608,27.61052289,115.7759426,7.611991983,27.88335415,0.668436572
2_B_38-40_EDGE,424.8,5953.54755,97.96675505,57.52550739,445.0067177,91.84702023,278.8049193,349.7428455,141.0598878,167.4767432,148.4035696,59.46342342,99.90467108,76.54768315,36.25942886,57.52550739,47.27495155,5.762750297,17.69623321,359.1774367,56.25056264,87.41021247,86.54325004,71.39690634,155.0842801,159.5720857,0,13.51441441,12.95343872,112.1951385,22.54102329,96.89580146,0,6.461715706,52.15218741,60.9062119,48.25958758,10.81277729,92.29786691,7.231585449,73.76044153,2.275008341,31.82416611,4.999828217,21.22764437,10.31971464,2.188506123,2.415342902,29.81273611,19.31686647,200.8907099,23.88897542,82.88563574,185.387852,29.71870816,411.8071496,57.48045967,521.2027898,96.3903997,1133.130796,134.4834719,1648.298166,65.01444896,504.4305547,24.33560817,171.1778785,6.552572593,47.16089243,1.651365828
3_A_48-50_EDGE,607.3,8019.649601,85.41593102,44.04830109,421.4746154,80.42013477,97.17432951,383.8842948,202.7562186,111.0650801,98.14911902,51.23737374,173.1469871,162.4852268,31.49788612,61.96005838,55.44115351,25.5882247,45.08401494,370.9683338,152.0671639,108.8108793,239.5545226,84.4411415,169.3696778,152.7982561,14.27457392,27.65965241,54.16174228,366.8864027,60.92434452,105.7646621,0,3.60968362,41.67543816,17.70599752,73.01405504,8.781661138,56.1783765,9.074145384,102.640569,3.402804519,53.68155976,6.456054696,18.66192164,5.435926716,3.545479761,0.730296116,14.59404758,13.52532156,188.0660932,18.22771606,100.2999372,178.5484942,34.00923699,342.9601181,54.8197076,475.2327755,80.76006312,858.5966746,88.85269406,1165.908842,53.2997417,361.5203267,17.35492314,110.1975277,3.871163149,20.24642077,1.656525335
4_C_48-50_EDGE,968.3,12153.5278,21.14426272,28.04960421,577.051018,59.36452495,574.4280588,738.1756529,417.4787467,340.3423351,85.70117623,59.41805473,33.56317145,84.73764021,192.3324961,37.5243751,16.21952305,15.5771657,14.66715946,111.5025297,0,98.06655519,42.77029345,37.31025599,62.68337125,8.457705087,46.2229642,10.17065802,59.89982274,8.029466855,18.09306531,27.40724687,17.5082336,4.881119784,38.08597533,9.079123544,116.3584325,13.69542302,183.875574,11.32708685,74.50779577,5.197098562,61.48646081,2.916032719,20.15041805,0.824554144,3.105619986,1.548685373,34.23128705,21.49468493,399.5074234,23.76431004,150.6141028,139.2214748,45.82862637,209.5264504,56.40240926,362.5258848,67.49242062,558.5680919,79.61488888,525.2268539,45.33019889,195.3123669,13.92926787,56.01078767,5.491602732,13.49314383,5.518304204
1_B_8-10_EDGE,119.8,1073.98394,29.59923516,60.19062345,482.3517819,123.3577063,205.7064164,310.2132131,183.0522532,164.8627791,140.885745,95.74277741,82.01799239,239.2742641,140.2243096,79.53760955,54.23770464,9.094737059,19.51234496,323.7726393,0,269.3695758,52.08803952,80.69512154,76.72650901,49.77301554,47.73910162,20.17378039,66.47425996,74.9075616,42.49722589,43.32402017,1.067273508,3.479455864,17.39367367,9.266530124,26.78279602,7.79902905,71.37391588,6.342344937,81.79064955,4.463799336,47.19079621,1.618938531,18.40686237,2.660972464,3.537146324,0,14.96654601,13.66168959,253.0163777,18.64529787,121.2573208,135.7993954,23.66034848,220.9294865,39.36578909,253.0320988,42.84016585,252.1517138,35.43549865,232.3587711,25.9556381,105.6462071,10.04582238,26.45871527,0,0,0
2_A_78-80_EDGE,365.3,4626.04132,61.11012365,39.03821524,242.948088,83.65331837,350.55846,602.6180831,266.512403,373.1802024,69.20053848,35.5821157,28.51282119,59.14643074,172.0194997,35.97485429,14.92406619,2.120788353,14.0600413,185.9224456,34.87518625,141.8571765,147.3555167,19.24419061,67.62958415,37.07452232,11.87641478,12.25344382,6.598008209,146.1773009,12.80327784,43.20124423,0,3.256395183,20.60844941,27.62900243,29.13970123,7.091891572,70.45731331,6.978589162,81.2000603,4.091475907,41.91769521,1.573644579,15.01466748,8.409556633,2.996219279,1.35574527,25.97550246,19.54292384,233.46222,22.12460898,90.58974511,128.6659952,17.97083624,215.073122,26.53799252,245.1014374,36.83588744,401.372714,47.95588322,538.807785,26.1341535,218.7653644,11.66806301,65.07577296,0,0,0.836523677
2_C_18-20_EDGE,504.8,7029.95075,59.71429638,46.45531186,379.0049777,66.9138924,179.0125797,401.0924261,216.3136541,181.8793872,108.9061063,43.49077232,81.24792971,107.8962082,35.86767066,48.5728401,70.88833002,7.981452598,19.48125981,354.6045369,50.85325513,72.90812618,124.7061247,74.86276764,101.3807367,102.8467178,15.72183275,23.71631629,19.4161051,329.0313112,29.80828215,82.09494101,0,2.019056448,31.83235804,20.98798438,42.44851389,9.206575214,54.21381357,4.448904966,93.08870494,2.985626024,55.60728471,3.51186946,14.92007538,2.68491549,2.848695334,4.016392548,40.68134339,26.55224818,287.797067,27.39241193,107.7868612,149.3288602,17.38216826,243.509167,33.67314823,323.4374279,58.23256899,718.6063972,72.48973794,1013.841987,44.54404745,359.3288134,16.50102091,107.2489515,3.586064775,24.91290428,1.096311231
3_B_38-40_EDGE,697.8,8956.93219,21.71329552,36.69773123,254.2265017,132.2023045,100.0847215,327.7915993,260.5595462,175.1199902,70.73784556,44.89676209,23.86200705,90.41551962,169.352396,47.21510874,19.96039927,23.57928185,25.38872315,167.6560448,0,259.3155553,186.3724532,52.98270287,65.02679647,13.74044482,35.32934125,19.28185878,21.20439015,181.3964896,48.91145996,143.9071278,0,2.473029779,38.32293592,5.980141874,45.77554912,7.117374547,53.86253701,6.547468831,117.1298077,5.472126372,66.42625034,1.88765151,15.74332305,1.619460585,2.816004712,0.638108243,30.62919566,12.54633413,318.3878614,18.0547097,135.4947782,138.0472112,27.2603595,211.9176243,36.12818729,312.2789134,51.55539245,469.5444434,52.43748326,710.4021533,39.41256795,256.3975224,17.36029779,95.48163783,3.7535779,13.65363961,0.844555027
4_B_38-40_EDGE,874.3,10943.70193,6.241793017,15.60448254,169.4886873,99.80867104,181.6121699,304.4674613,337.0568229,237.8483243,57.97665437,48.01379244,95.48742972,68.17958527,35.83029261,33.66967195,167.0279805,14.9442929,7.982292993,578.9863196,0,171.8893769,193.9757215,21.12606867,155.1445668,53.77544754,18.54532733,46.45334419,88.22534361,208.6619402,32.50533748,134.5346464,0,4.220745368,29.59932969,36.20822329,61.28738722,14.29281465,139.5551577,16.23363603,217.8842553,13.17810498,125.0458946,5.685380085,25.95578027,1.82177471,4.595922734,0,8.3755593,8.689839199,245.7983088,11.37693233,121.6263208,122.1291686,19.8467756,179.1238283,28.2380489,257.6466609,38.62499955,266.4622121,34.80649878,298.9587536,29.91944636,175.0696176,11.36121834,48.3833904,1.099979645,0,0.785699747
6_B_88-90_EDGE,278.8454545,3639.150413,28.91313043,27.40607537,277.1306807,71.55720698,349.3018731,434.1993082,214.8948883,231.1934098,47.61177656,28.96894729,33.88083045,47.55595971,18.08466073,31.81560685,100.637788,0,13.89839668,317.4304494,41.13702148,79.53901712,63.07304515,64.18938223,133.1790139,187.488813,0,15.51708544,6.92128991,152.3241949,15.34963488,41.52773946,0,6.669791618,33.31559245,25.39125273,36.96913013,7.92767628,75.75335112,7.410508846,94.54821664,3.883760602,34.23648414,1.918524352,14.26381149,7.580673614,2.398989581,0,21.20868043,11.43146315,200.7723869,15.98844231,81.17509292,129.2886777,24.96974886,245.3980099,39.57705194,310.6080697,57.64890767,545.5499973,75.37742936,819.8270824,46.56858162,367.5625062,17.18230843,108.2048461,3.49576484,18.12647706,0.975380815
1_A_68-70_EDGE,79.3,443.318086,#NV,#NV,#NV,#NV,#NV,#NV,#NV,#NV,#NV,#NV,#NV,#NV,#NV,#NV,#NV,#NV,#NV,#NV,#NV,#NV,#NV,#NV,#NV,#NV,#NV,#NV,#NV,#NV,#NV,#NV,#NV,#NV,#NV,#NV,#NV,#NV,#NV,#NV,#NV,#NV,#NV,#NV,#NV,#NV,#NV,4.376706229,51.74066072,38.77625251,285.8993178,30.11056913,136.1360338,132.4514126,30.93912154,251.8409402,73.66318256,455.2359339,85.45786973,436.9980333,70.63165553,380.1008523,49.72289192,216.866281,21.14270782,77.20158871,5.585417971,13.42254895,0.731075651
7_B_98-100_EDGE,558.6114286,7488.574714,81.91994996,38.46629775,389.597275,77.67539297,133.0668617,458.8896679,233.1322928,131.1568111,91.41714623,40.69469017,86.58896265,108.9790008,18.25159507,40.21717751,56.452608,14.00703808,18.03936722,320.8354517,50.13882948,88.44595634,176.7327418,71.99829799,104.8405577,129.9365009,11.23215894,21.48806978,26.42236728,312.3993947,44.56784842,84.62585504,0,2.131668811,29.70184177,14.53691988,46.75961481,6.598443705,40.00195932,5.492806355,81.50758544,2.352796281,53.08386045,4.873649439,12.98460504,2.538543356,1.937076637,7.38997445,42.1525973,24.21074602,214.3321382,23.91789254,111.7556322,194.7978962,28.65845819,280.7320882,44.46339426,368.0024243,65.72730217,706.216159,74.73254658,916.0319475,50.27928127,352.2203674,22.16992335,122.1656581,5.147815019,27.98581036,1.743393353
8_A_98-100_EDGE,694.6631579,8871.228331,#NV,#NV,#NV,#NV,#NV,#NV,#NV,#NV,#NV,#NV,#NV,#NV,#NV,#NV,#NV,#NV,#NV,#NV,#NV,#NV,#NV,#NV,#NV,#NV,#NV,#NV,#NV,#NV,#NV,#NV,#NV,#NV,#NV,#NV,#NV,#NV,#NV,#NV,#NV,#NV,#NV,#NV,#NV,#NV,#NV,0,27.30860989,12.40013175,311.2642099,18.1720256,142.9959728,154.4049032,37.18690952,279.9907944,54.28007646,426.7762583,71.54181506,617.4442983,73.33541758,935.9908041,57.96168164,337.3793324,30.49124295,128.020066,6.722638041,19.52059892,1.995888526
1_B_28-30_EDGE,139.8,1320.182156,17.95619811,29.75598543,546.0657433,101.3439928,283.0765033,501.9447994,172.1427168,197.6760359,124.8646391,70.71979562,199.8465653,74.46889193,31.21615979,49.33021458,123.3255365,6.787837526,17.56155639,248.979459,0,93.29330181,43.13433963,56.03912376,76.56049303,50.11949801,42.12800325,3.749096308,33.11044003,14.52281517,39.46417166,78.4153091,3.393683509,2.245571675,33.14328721,9.697042597,37.04349064,11.53739833,103.982913,8.599582756,81.85924816,2.735207604,33.8580431,3.658199471,16.43938562,7.417702927,2.037335705,3.427989931,55.65079149,24.95947263,284.8319922,21.80325127,106.4715143,167.8170926,31.43868243,352.1626557,64.02002817,497.6514896,79.54789607,641.9606008,83.8529573,700.860262,39.40026625,216.0127781,15.26845245,63.45178479,3.940644281,14.51491232,0.846188505
2_B_48-50_EDGE,434.8,6058.197182,151.9926367,86.993474,600.7328023,105.1932396,318.3202239,497.1557581,158.4574183,172.5815607,180.8733458,82.77731209,160.0033443,101.82031,46.65885843,69.21532463,52.5614851,0,29.7942108,418.5946079,112.9931391,105.9662026,121.7065404,86.36104971,200.4082293,193.1704847,0,18.1294962,10.6809435,173.213985,25.15643271,108.0040142,0,2.783650881,44.70746173,115.8990513,38.8246044,9.196190766,64.77904966,5.96174622,64.5987322,1.487619095,39.88396951,12.32920674,28.92968345,21.53666735,2.490634999,5.492297816,47.99139894,32.54503098,246.6813174,34.31246853,78.52719309,169.881262,25.29680986,351.1846612,48.06048445,431.7038197,75.32047413,932.9594737,100.6345554,1164.568636,47.01844472,361.7777723,21.15167943,122.3043761,4.646000354,34.62335332,2.498592507
3_A_58-60_EDGE,617.3,8102.702282,103.988307,55.51255488,511.2699197,95.38777036,109.390297,412.8257602,213.5918405,129.7188382,128.4394195,65.10819497,190.9176983,176.7730141,37.45853575,61.62533301,62.9758305,20.32854122,39.66197903,429.2449666,116.8535726,124.8854788,266.8298733,85.79213027,175.2092801,148.2704091,42.71126021,26.01484646,53.59342686,303.3643844,54.80176673,112.5177649,0,2.864000776,26.93988815,16.20293205,53.21557187,7.233125365,47.31085538,7.769363808,85.78596368,2.882281632,48.09083857,5.356290814,14.7160891,3.717107391,2.492290037,5.385512675,44.63396944,23.85012756,249.5733545,25.43902105,121.9266689,200.6187097,37.00728068,320.1759761,53.44814701,448.8150232,74.88427148,851.970265,84.41205736,1142.498046,50.7999912,365.4009024,20.3991624,129.2188538,5.313036832,30.96391035,1.817471151
4_C_58-60_EDGE,978.3,12257.7559,11.83549481,19.11484781,736.3144117,57.39691289,477.4522398,843.6717761,421.940627,304.2141122,100.3922281,78.81601633,65.40943814,96.15030298,42.31451242,31.10745096,126.7340595,15.18713936,9.374130846,140.9785488,0,121.0781593,41.47660129,23.04255627,43.15242356,11.78312537,26.5565461,17.43902554,59.9106463,4.503772362,14.92529213,60.43434076,7.303790787,6.465707634,45.53700572,14.40671867,130.5643511,17.98761942,190.6188964,14.23009784,99.75267417,6.483023401,81.22826596,2.902122655,26.54507178,1.395650871,4.474394356,0.284216641,25.97740098,19.95200819,488.6479864,26.95510623,185.9004205,177.248866,41.12046361,216.6753984,46.46373646,348.8929798,51.03394005,489.614323,64.33527884,454.6556762,35.32244414,168.8474221,14.47231136,48.5669396,5.309166853,13.9607214,6.878042711
7_B_58-60_EDGE,511.2029851,7131.72474,#NV,#NV,#NV,#NV,#NV,#NV,#NV,#NV,#NV,#NV,#NV,#NV,#NV,#NV,#NV,#NV,#NV,#NV,#NV,#NV,#NV,#NV,#NV,#NV,#NV,#NV,#NV,#NV,#NV,#NV,#NV,#NV,#NV,#NV,#NV,#NV,#NV,#NV,#NV,#NV,#NV,#NV,#NV,#NV,#NV,4.156996698,48.57180492,21.43554796,268.253092,22.61538522,98.78656079,190.2845942,31.16644872,421.9186251,58.84851824,560.7865731,92.98661314,992.0887637,101.2123944,1224.108723,60.7671321,451.4531494,26.35337429,158.3573159,6.913625808,38.03596846,1.626411175
1_C_38-40_EDGE,249.8,3447.26196,41.20202585,34.26222644,393.0935329,102.0587283,340.5354716,651.5646632,200.3806416,199.3129802,71.58184703,42.70645789,313.1645145,77.93928565,29.60334013,39.21229315,111.1823807,0,20.18850737,313.4556949,53.0433619,92.01300473,51.3448096,49.3550769,152.1902863,100.7484166,0,12.71487724,10.7736746,60.7111123,26.44888585,96.86601131,0,2.36439111,32.98399027,27.17581211,37.4924876,9.310707849,118.7115251,4.949067106,92.07173953,1.490594395,41.12718822,6.608546581,23.7173394,24.66456441,1.916478508,1.015583877,24.69661028,15.67583585,208.6726166,20.07271663,79.23943851,145.1568062,38.71166779,354.6299419,63.82645967,521.2334899,89.10852419,833.0774804,105.5012428,1065.251903,53.08516666,454.9576809,19.78596354,161.8243298,5.197399842,25.49712934,1.421817428
2_A_88-90_EDGE,375.3,4827.85237,44.16933888,45.75876585,455.8309234,121.7166441,394.261542,662.4564292,204.1158842,198.3437547,131.504168,62.07130578,138.6984164,90.68099119,42.16164166,62.07130578,90.93195334,0,25.09621527,418.2702546,75.70691608,98.37716387,98.46081792,73.53191075,187.5523821,179.1869771,0,14.1375346,10.95868067,139.7859191,23.75775046,81.89731584,0,3.425092835,33.20180082,45.1433407,30.16755942,7.251322669,92.41579316,5.461634521,97.66143084,3.178239297,52.33294999,7.261608233,22.12424831,14.19407842,3.31195163,3.11675543,42.56016655,20.99454201,241.0065014,20.87838964,90.34719003,155.7119398,26.79248146,292.6749502,51.17480112,419.271361,75.86686045,656.1641324,84.51053312,785.4707653,47.39016953,329.9308249,19.56199604,108.2056179,4.007256982,20.28794839,1.297034869
2_C_28-30_EDGE,514.8,7140.875294,80.31429545,58.57053486,543.4288723,73.54345354,154.5733664,343.2211324,171.19771,110.3702278,140.3160652,56.36863505,127.3248563,160.0781159,35.83591935,59.39624728,47.7812258,10.62416657,30.38621733,483.372055,93.03026683,92.64493436,192.5010906,145.7657672,166.5186729,185.4550112,10.23332935,28.5146025,30.16602735,337.9365728,46.07475345,114.3336475,0,4.528684553,32.34468067,16.488919,47.72289149,4.442832713,47.50289615,4.920383573,69.5936477,1.759962717,45.23318813,6.53010557,14.79334516,4.963309493,2.334096897,4.35271709,32.93368827,22.32489715,221.7742526,25.63663618,93.38695834,136.9039236,24.04965492,260.224104,40.29197437,355.8716176,62.66789986,667.3894053,68.3932792,761.8836786,39.79699951,281.9570724,16.11474862,96.02002049,3.694451551,22.84028335,1.546158591
3_B_48-50_EDGE,707.8,9023.302667,9.799223881,29.70974884,269.8219416,128.887881,83.44944159,280.1829045,238.5518068,141.8078768,69.7804605,36.51303166,111.5988045,89.25407739,22.09506531,27.08830041,73.65021771,16.22801407,17.22666109,256.4650378,58.85775873,70.40461489,199.167665,47.06124081,88.06818405,70.71669209,21.65815724,16.16559863,14.48038179,170.7062249,55.23766328,160.9070011,0,2.86509115,38.56503643,10.03756423,39.68248695,7.016549755,60.80360107,7.815656811,95.08074599,3.625217374,58.31532463,3.36534516,14.78023212,1.48776842,2.36483714,1.227154571,39.35438108,12.9161902,318.8116508,16.17824665,130.8239974,130.0084833,30.07305378,232.6467596,44.15426414,350.1429263,59.87426953,515.4592873,59.01215461,766.6764683,50.89584748,300.450933,24.68289383,118.1330444,5.817334009,18.01897851,1.522293012
4_B_48-50_EDGE,884.3,11010.92086,0,18.37814489,196.50478,82.56028168,234.5805264,376.1393655,398.6643739,299.5166383,56.73663193,56.45389124,214.8829249,74.73778924,34.77710495,29.31078493,212.9037401,0,9.990171071,664.2521293,0,183.9699427,171.1523648,20.54582352,169.1731799,70.30818508,7.709396166,25.82364975,56.83087883,263.4200768,15.92772558,56.26539745,3.987714162,2.179159784,28.18083503,47.30407395,62.78055568,18.14484065,192.1366664,18.99723308,271.5129321,14.73527092,167.017032,5.425663135,26.11285687,2.008681297,3.965477838,6.342345208,12.46084294,10.52083146,224.668252,16.19163424,104.3129247,136.770809,31.48787856,292.867117,71.18349798,522.7584768,103.4175348,655.574647,103.9398456,719.5204099,85.80819987,379.7945542,38.12868707,100.4329018,5.820034426,0,0
6_B_98-100_EDGE,291.5727273,3775.041999,31.65119852,30.36501908,311.3113466,66.82541031,355.7684187,405.5379712,186.7756238,150.2593117,65.48331002,40.20708788,75.88458727,62.46358436,29.35844386,39.59195858,74.82209121,0,18.11835392,349.2256798,49.7136316,98.36476714,68.05566891,66.26620185,161.1079557,174.5289586,0,12.24666515,6.26313469,127.1080817,11.79929839,48.65113554,0,1.203993442,23.13387399,25.01511374,31.30382948,5.761968614,57.3509376,4.934223122,62.79040797,1.171743617,21.74713154,4.117227573,12.16893371,10.40594332,2.644485595,2.396077013,32.05762588,16.32159201,211.8576296,19.83494089,84.39440918,160.1804405,49.20707596,337.2814924,75.3485454,442.0964006,397.8901258,648.3878625,148.5365832,774.1549835,55.05592687,365.5498167,33.21528107,121.6749445,5.990192533,39.03047921,0
1_A_78-80_EDGE,89.3,507.73121,6.391050638,19.75415652,37.18429462,105.9752397,285.3894612,498.9667535,341.0497022,219.3873383,23.70498782,22.19437585,52.05801247,48.10718117,111.0880802,44.38875171,22.19437585,0,0,107.6020526,0,64.95631467,10.22568102,20.2189602,3.486027621,8.947470894,0,0,4.99663959,5.926246956,2.207817493,2.324018414,7.977885446,5.603869161,34.85859648,14.4375912,49.89899432,13.81990044,120.6952856,9.897936234,133.4360877,8.24579951,90.09354591,3.6093978,30.68360233,4.405697933,6.236444033,0.834014042,28.6314271,33.91046104,338.0231416,43.68033981,193.252968,207.4678666,50.2149773,374.7197594,98.63361667,612.679546,107.4595015,606.8689427,90.60508589,512.8453157,68.36165645,268.8366361,24.84628645,93.54704751,7.002051955,26.61512942,1.03564381
7_C_18-20_EDGE,576.0657143,7754.296403,69.7850909,41.28754744,326.5282125,69.31357001,93.65583567,328.6795265,181.0345496,115.7289071,71.4943541,42.37793949,67.75165708,116.0530777,28.61542367,43.85144225,49.24446237,16.53270101,36.01240755,311.5574244,118.5875024,98.98991568,181.6828908,83.78336716,143.1360585,125.9255462,14.56999533,28.64489373,31.23825859,324.5831888,42.26005927,79.09762837,0,2.427528819,27.27260372,16.90960783,51.19474285,6.953178511,46.25362368,6.662349875,88.6137048,1.658910281,54.18018782,7.229168951,15.13495963,3.828254494,2.575910776,5.528478724,29.5533756,20.89497577,200.4958251,24.032761,97.4836732,167.4547108,29.43148168,285.71933,47.09037069,420.8721541,78.57045651,930.9470595,102.6661305,1338.867002,58.98878934,358.4113543,18.79525484,97.85721906,3.397301293,19.95914509,1.722243016
8_B_38-40_EDGE,747.9857143,9336.179104,12.43834356,30.12633021,305.4724754,139.0918951,101.2093354,295.1623655,279.9336712,209.9384298,83.09570201,44.64561338,64.65101005,89.81146165,61.95524738,36.84208985,146.1860074,21.51880729,15.32328256,358.9620821,0,80.2580571,265.6981525,50.93572628,147.0845949,75.90700156,33.45110417,23.83621731,24.82939303,142.5916571,48.71290442,127.9304917,0,1.962649929,21.32654113,10.50086819,38.58611225,6.312960247,54.49463385,5.404198044,123.3497837,4.771865408,78.36087163,2.456767781,14.07026498,1.178281031,1.78642608,0.507253282,24.12681065,13.17013976,323.8304952,20.14256669,158.9916241,166.8217702,36.81736548,282.2080577,56.24977757,417.0452028,71.2736975,515.5814585,62.40137646,641.0482521,55.5949597,283.3609061,24.56028163,115.6629711,7.387452342,20.31779964,1.816889028
1_B_38-40_EDGE,149.8,1503.26506,21.64701656,36.2651195,399.4256561,137.3184862,366.6240592,739.8695588,152.3440624,268.7795444,96.11275351,55.36542823,51.49443233,74.51667111,27.04603716,42.12254751,134.2115027,4.227534998,14.21062969,312.0226434,0,103.3963379,55.31449407,38.30248577,93.92258478,55.67103317,8.781048599,3.565390962,20.88300421,13.34474903,24.04092192,39.21930059,0,2.468906025,17.42406186,5.590468477,21.63835764,5.38161842,88.27644353,3.785407274,53.77888955,1.38736109,21.24303432,1.723012966,8.626253227,3.930856421,0.88015381,1.856402653,43.47756214,20.287829,247.6104539,19.94612851,86.14932314,148.333712,24.46983498,330.6946727,53.7285768,435.851723,70.03840011,582.9308332,82.31411765,714.0979207,43.84986268,264.7617784,13.66291953,91.41763067,3.33030476,22.07793156,0.95880137
2_B_68-70_EDGE,454.8,6357.42537,54.20671642,35.00578313,450.6994579,85.09801385,240.7300683,372.850776,166.2121606,210.8184104,193.3808281,63.93780166,148.0561761,99.40074987,61.78259486,64.39496674,77.58744471,5.420671642,23.0541818,406.5503732,47.93702392,91.62894354,117.3608065,77.45682611,143.2232881,149.6235992,13.63658119,21.55206797,38.85903165,150.2113829,30.76067884,99.72729635,#NV,#NV,#NV,#NV,#NV,#NV,#NV,#NV,#NV,#NV,#NV,#NV,#NV,#NV,#NV,1.617841413,31.25822649,15.52253248,218.9387618,20.37605672,97.46401378,234.7236469,30.0831052,431.7504958,53.78776131,422.2128834,78.21935292,1003.17099,105.8374362,1302.105451,48.94516843,330.2418785,13.82817154,94.62732563,2.91320768,22.13054014,1.667032537
3_B_18-20_EDGE,677.8,8657.04177,#NV,#NV,#NV,#NV,#NV,#NV,#NV,#NV,#NV,#NV,#NV,#NV,#NV,#NV,#NV,#NV,#NV,#NV,#NV,#NV,#NV,#NV,#NV,#NV,#NV,#NV,#NV,#NV,#NV,#NV,#NV,#NV,#NV,#NV,#NV,#NV,#NV,#NV,#NV,#NV,#NV,#NV,#NV,#NV,#NV,0.433737325,17.49407212,8.192816145,210.7963401,16.93985221,121.5307889,157.2900217,32.31343074,281.8690202,51.56654868,452.1229686,81.0004455,787.7272241,88.51855914,1187.367976,68.38591829,412.8697407,26.63870073,144.0369368,5.867502151,25.89170867,2.301217476
8_B_18-20_EDGE,723.6052632,9165.784265,16.87075047,33.26492606,239.3359007,136.6816733,88.73824115,234.570152,189.772114,159.1760072,83.49591756,40.12760421,58.71402422,98.17442361,89.50076094,60.42969376,136.2050984,33.83681591,28.02260247,474.9545173,73.01127038,131.0580898,306.3423277,88.5476112,131.3440347,111.8044649,28.77559077,44.22614811,29.73827201,254.2050367,89.97733582,206.6428645,#NV,#NV,#NV,#NV,#NV,#NV,#NV,#NV,#NV,#NV,#NV,#NV,#NV,#NV,#NV,0.34038626,19.39477458,10.64612347,255.8111381,16.70789581,122.4449044,133.3807183,33.48821422,243.5210214,51.55041281,417.7408487,69.93127087,598.6163137,74.32732321,930.558098,65.73075957,370.8399674,26.95569492,152.6596167,8.154785729,28.12169892,1.361545042
1_C_48-50_EDGE,259.8,3498.179666,28.75415127,34.30837194,346.1803203,117.0810057,325.4380095,464.6867455,108.3318793,99.92681971,63.45574237,36.66768692,34.21006715,55.29644475,21.77451113,38.58463033,38.9778495,0,15.53215692,282.233054,41.28801208,80.80653792,55.39474954,62.62015165,125.2403033,147.1622716,6.21286277,10.42030781,7.323706904,91.47260771,14.05758506,45.51511808,0,8.92743081,34.64415697,20.15563654,33.56268673,7.951987064,87.03714907,5.773142608,68.8695093,1.09207289,21.08336837,3.795748492,17.59509671,11.83255675,2.549937185,0.790918826,27.44357595,14.64507131,187.7778559,19.59975288,72.18278175,133.0279709,29.53199384,296.4311466,50.56978095,413.4838646,70.98006221,649.220162,86.65790356,790.3338072,43.09527122,293.0484979,13.61230128,95.51815537,3.124456187,23.73083303,1.411888152
2_A_98-100_EDGE,385.3,4974.434339,42.06579436,34.15204674,308.482492,84.05475621,366.0300353,535.6761977,143.8304421,129.4627644,94.58080886,43.71769313,55.05048704,58.27745209,27.27553789,50.36370448,43.67927688,0,15.25125147,297.8027743,41.98896186,59.31469086,64.11672218,68.03517973,124.1613218,160.0036836,5.743229458,12.06270267,8.182661368,132.9586432,10.3339714,42.64203812,0,5.516462224,27.04368178,48.49908408,43.79056588,9.367662053,78.42892144,5.628676672,90.15308688,3.1464931,42.9736447,2.724566778,20.06394316,7.060533018,3.159958833,0.338927514,12.16805336,9.54553227,162.4740714,18.11873151,84.49851849,180.4650106,25.25287786,336.0716327,53.11716444,445.2785225,76.80319707,705.1359141,86.50985882,811.5980467,42.80487812,266.4359191,18.3187543,84.78188412,2.855881017,20.30231369,1.505727151
2_C_38-40_EDGE,524.8,7179.905794,#NV,#NV,#NV,#NV,#NV,#NV,#NV,#NV,#NV,#NV,#NV,#NV,#NV,#NV,#NV,#NV,#NV,#NV,#NV,#NV,#NV,#NV,#NV,#NV,#NV,#NV,#NV,#NV,#NV,#NV,#NV,#NV,#NV,#NV,#NV,#NV,#NV,#NV,#NV,#NV,#NV,#NV,#NV,#NV,#NV,2.709276444,30.55667953,24.94431234,206.4947,28.72162927,98.74219855,161.4638039,25.98348687,305.4018469,45.79790591,433.0636127,74.19788593,894.2550407,90.164885,1046.353903,37.05152032,223.665822,12.82060953,54.32985867,1.377318618,11.32370337,2.012369718
3_B_8-10_EDGE,667.8,8573.081766,#NV,#NV,#NV,#NV,#NV,#NV,#NV,#NV,#NV,#NV,#NV,#NV,#NV,#NV,#NV,#NV,#NV,#NV,#NV,#NV,#NV,#NV,#NV,#NV,#NV,#NV,#NV,#NV,#NV,#NV,#NV,#NV,#NV,#NV,#NV,#NV,#NV,#NV,#NV,#NV,#NV,#NV,#NV,#NV,#NV,2.005956171,34.245433,15.06347712,286.7702404,20.12224784,149.5753756,185.563483,40.09404896,313.9133349,56.01632606,468.4597206,77.22931257,785.8458671,85.73582046,1075.625042,59.45152601,331.1770952,20.09717338,105.8831427,3.560572203,18.38584203,3.447737168
4_B_58-60_EDGE,894.3,11124.28358,13.29230995,15.64867398,173.2229664,72.5035088,219.8064708,318.7737604,277.2655016,179.3857647,38.36644007,42.17287429,45.25427341,55.646443,20.36140205,22.35524855,111.0512076,0,8.700421056,439.4316829,41.81035674,89.90435091,143.3152691,15.82993275,144.8861784,55.7068626,11.49180614,27.67217253,38.60811844,225.8484299,6.706574564,24.71161258,5.072390701,4.45399739,25.09580955,54.1289841,59.88239022,15.01365025,160.1208148,14.63008985,185.7528261,9.131086038,112.4223383,2.876703059,18.89622091,1.252442148,3.467699198,0,5.558899042,8.072566518,158.0547259,14.93785188,87.94232342,120.0523983,26.05564997,238.104674,50.6697702,362.5717571,73.14862451,499.661235,75.13973746,511.6259318,62.27408457,268.2506646,26.65028098,92.8705532,8.225729053,17.53260541,1.450539296
6_C_18-20_EDGE,307.233775,4077.487317,41.21176664,41.8746905,358.1262009,95.60835227,289.1452903,288.5928538,116.7114285,127.8338177,103.9317296,53.84414908,55.02268039,72.11138434,33.29350942,56.12755349,54.98585129,0,19.11430463,331.9038793,44.26858222,89.38423381,69.75432173,54.24926922,148.8264066,119.1421493,6.290410851,10.79092728,11.34336383,89.67886664,14.25286299,49.24051117,0,4.472276268,31.38802673,21.72248473,31.75922923,6.842261456,65.98124428,4.126058552,67.91934964,1.927397593,34.2255843,4.946987156,14.15209529,8.291378906,2.320015622,0.18282311,17.66896895,10.53886766,176.7250746,13.46403742,83.1137448,159.899451,24.86984047,342.6340981,53.97410008,437.2774939,76.87416898,715.4458045,80.67806917,734.8604392,34.80716113,240.2295665,8.639866326,71.64896655,2.022849249,13.21044407,1.161811376
1_A_8-10_EDGE,19.3,-17.289543,960.00041,96.000041,624.0002665,103.1385056,208.7385507,259.9385726,567.1387038,450.9540388,134.8923653,96.24619495,135.3846732,194.7077755,56.86156275,66.2154129,291.2001244,34.46155318,47.0154047,505.8463699,0,204.0616256,125.5385152,101.4154279,153.3539117,78.27695651,95.38465613,40.86155591,3.692309269,22.40000957,194.2154676,107.0769688,0,0,22.14225173,4.644940184,27.80113166,6.905751778,60.39792428,5.590370487,73.55173719,9.81055213,64.4125776,6.467291348,22.4162895,5.878110145,8.810314273,0,28.79266596,23.81246003,463.2952224,31.32359028,256.0315703,167.8846468,26.94209764,252.5753618,55.02719335,542.9240887,55.92526327,515.0022784,90.43291964,582.8745931,39.59671925,201.9296611,14.69568962,61.93961032,4.054921765,16.08361586,0.598713281
7_C_28-30_EDGE,584.58,7810.472221,50.2736736,32.31879017,334.1291588,70.08015438,97.06858854,302.2592407,158.7885003,106.4949023,66.60139572,33.72151544,41.91343101,115.416235,16.49604915,40.23016068,45.89717077,14.30779773,34.73147763,278.6373472,139.4308916,78.49650599,183.9814461,83.43409894,128.4335255,133.5394455,8.152639257,37.48081916,28.72781349,413.2428639,38.49078135,69.85571834,#NV,#NV,#NV,#NV,#NV,#NV,#NV,#NV,#NV,#NV,#NV,#NV,#NV,#NV,#NV,2.259014113,27.09384915,16.59713063,185.751105,21.47316427,93.52891238,155.3313857,27.43395428,257.8820343,40.03216453,341.5836983,54.77840721,647.6102996,63.91470518,768.5481059,30.80994526,190.2046923,9.071856995,55.81662289,1.679045355,12.05762208,1.478562328
8_B_48-50_EDGE,756.7117647,9401.071203,9.316731404,29.05556912,308.2416898,135.8032035,92.93044798,214.0479562,183.2553694,127.8287131,72.48101211,47.53112123,37.34588097,82.90311842,75.87609219,43.97813044,94.98328711,27.00273,13.10658825,464.8101506,0,113.6957053,300.8988422,59.69024526,160.9899604,105.4053934,32.79015722,29.76616728,37.34588097,198.0989754,65.69085193,149.7783006,#NV,#NV,#NV,#NV,#NV,#NV,#NV,#NV,#NV,#NV,#NV,#NV,#NV,#NV,#NV,0.334960626,24.31377237,11.37409777,301.2242653,20.01025651,142.562155,148.7880536,38.73892454,294.4449535,60.3584484,520.7618284,86.62373051,586.800044,74.50689396,941.1956677,69.25675024,344.3322415,29.73867816,127.5908714,7.51476882,18.86702133,2.301033864
1_B_78-80_EDGE,189.8,2300.52796,30.63859048,31.16502674,360.6614835,122.1858565,543.3348666,761.2268356,139.7161841,164.3007575,71.70061896,47.1160455,37.64019277,65.54131469,30.79652136,50.11673219,84.70359464,4.63263911,27.16411115,235.6855147,68.54200138,89.07301562,62.80384612,29.69100521,116.763563,51.64339736,5.790798888,7.159533171,14.58228447,17.8461893,25.21629698,32.84962278,0,3.016364634,25.00739999,10.43883258,29.76883422,4.927255318,101.4272349,2.961090937,43.58725859,0.639595642,21.16982614,3.711233974,18.01132914,22.13316772,0.97913407,1.263231674,22.7886994,16.81361358,197.9610356,21.25387291,77.37925618,139.3786667,27.49423738,330.3098181,48.46388317,457.4856668,72.86951911,800.1056776,94.02864964,913.7396828,38.76858007,269.9905057,9.960581748,73.65272274,1.951692936,16.77571663,2.67173499
2_B_78-80_EDGE,464.8,6627.66333,94.58250762,55.65344354,449.3850212,87.02346605,238.9602016,386.6449762,128.2202426,146.0784783,197.763425,63.40146115,146.4564304,139.4643169,139.936757,75.59041568,63.87390125,22.96058876,26.83459757,583.652497,81.35418487,142.3934455,233.2909204,138.2359727,213.8263883,299.054582,14.82517027,41.76370466,47.43298584,360.5662828,55.27549146,163.2752979,#NV,#NV,#NV,#NV,#NV,#NV,#NV,#NV,#NV,#NV,#NV,#NV,#NV,#NV,#NV,2.39076696,28.10314002,20.06569779,209.8711984,27.24730126,102.3936651,226.5693568,32.47070845,405.8536222,59.13194622,489.1258029,89.98400311,1127.172201,112.8590846,1265.669238,45.00595545,288.0316031,11.07008826,73.10909547,2.283787115,16.62373758,1.693072322
3_B_58-60_EDGE,717.8,9114.46956,19.06678168,27.29779672,259.1206887,136.1764134,96.1674289,348.7241436,270.1648355,181.9158514,74.07913537,42.92630629,38.02937329,93.35429717,40.73831495,36.67490246,105.9612949,0,18.65002142,280.2712717,68.55706199,74.2875155,219.3200843,52.19922197,98.66799043,62.51403829,25.16190041,29.0690278,23.44276436,157.1186162,58.55481586,106.2738651,0,2.389011962,28.65083186,4.88189401,46.10966204,4.778023924,65.12654349,12.62021537,131.9063525,2.267830196,69.24672354,2.008154983,15.92674641,0.432792022,1.064668374,1.086861749,33.39536525,15.12378377,301.9322446,20.85544149,146.3879735,168.0944482,38.45029772,314.5541956,59.67486207,477.3168692,86.9284331,735.3645073,86.39525563,1042.24915,69.14901543,369.5022344,24.95680658,123.6971711,5.690644063,20.98873585,1.640546036
8_B_28-30_EDGE,738.55,9281.709377,12.59538536,28.38806085,215.8655276,166.5497495,133.8017476,322.6356404,266.5377317,167.4217377,70.53415802,39.1425822,34.29820321,80.61046631,56.38857138,37.6892685,104.6385861,0,13.17671084,288.9187627,57.45433476,59.19831119,247.9353164,42.04920959,114.9086695,81.19179178,24.76446537,29.74448697,21.60593027,125.3725281,52.31929304,106.0918998,0,1.707368251,25.73458858,8.643182528,47.28642034,5.458852123,60.33095009,14.3265329,125.3704555,2.150456897,74.53932601,1.719183948,13.67666955,0.55533777,2.044115622,1.460563896,39.00609045,15.74246963,377.9472586,20.28226359,193.0504094,163.0486201,38.88563157,303.1197093,62.35252675,482.3851059,90.05054003,679.5762892,86.87343712,920.4187586,71.70314716,356.6862666,26.33532222,122.9508711,6.316562418,19.25083445,2.288718683
1_C_8-10_EDGE,219.8,3107.96384,56.673646,49.00717676,369.494704,133.5809481,495.9429244,495.8944025,141.9752467,209.8089429,82.19619548,47.55151805,45.27098606,65.31055438,24.50358838,40.61287817,100.0522757,2.76575156,17.75903633,423.4511204,0,128.6802305,60.7494904,83.70037615,148.7683207,263.8138812,5.444163597,10.52926471,8.29725468,72.10362839,26.00776905,32.36414545,0,6.999782921,20.84009043,13.96923092,38.47984674,8.994303949,152.3647223,7.113538873,101.5840653,1.691171822,23.99492217,2.843898803,10.47313133,5.225190068,2.024855948,2.576771394,38.0388816,22.04812488,208.3925844,25.06377302,77.37701218,153.8328177,34.57566608,427.3312466,63.35033754,604.4984023,86.02418768,748.2109829,108.576369,1007.582795,56.89320045,383.6000033,27.63185379,129.6207263,4.871097358,34.14547996,1.829377331
2_B_18-20_EDGE,404.8,5419.91659,65.87541768,49.72291413,429.8650137,121.1065588,413.7125101,537.4243115,180.7293945,287.0232888,144.4048704,57.91081916,192.0435905,86.56848673,57.16646415,69.82049919,109.3457498,0,27.39226407,472.5165553,45.70339712,105.1773618,87.38727724,93.11881075,180.4316525,217.9471446,38.3045084,24.04266656,15.70589054,153.1882594,25.53137657,81.58130822,#NV,#NV,#NV,#NV,#NV,#NV,#NV,#NV,#NV,#NV,#NV,#NV,#NV,#NV,#NV,1.284015667,25.0087879,15.67384642,226.6951798,20.95749709,97.33429106,172.5967956,26.27804477,374.6152605,57.6626346,527.7156802,84.25061418,942.8807458,108.9642261,1328.911939,56.88041816,427.7912197,17.49655831,138.5777598,4.929439456,35.62774505,1.866988297
3_A_68-70_EDGE,627.3,8200.89188,44.15275341,35.76645015,350.2754883,95.05988081,90.88939486,323.5299806,177.880292,150.7268019,108.840617,40.11826157,88.98547736,70.67160428,44.19808478,40.0729302,82.86574254,34.40650908,23.93496284,324.8899217,56.70954263,79.60188397,167.9073908,57.34418179,109.339262,38.53166366,23.04193487,34.85982277,63.46391661,269.1323378,52.53905668,73.43681779,#NV,#NV,#NV,#NV,#NV,#NV,#NV,#NV,#NV,#NV,#NV,#NV,#NV,#NV,#NV,3.152799398,33.53173095,18.99276746,236.5216813,22.78657276,109.9063971,164.6293083,30.21274483,299.2073103,48.78292321,424.4741081,72.57136445,830.6012028,89.28025162,1219.425886,63.16994456,430.0722263,25.27937349,153.0912021,6.490778278,33.43201892,1.904024938
4_A_58-60_EDGE,794.3,9720.127918,9.950179885,24.93263465,270.8278847,133.4696543,183.4492935,357.7489963,303.8807811,280.320585,81.5457271,56.15561291,99.95927838,99.38742897,45.97669326,39.80071954,250.5844153,34.53970489,18.87103082,678.2134106,0,199.3467074,246.5814693,51.69518745,179.9038271,102.9328954,23.80037281,39.11450024,34.31096512,187.2234997,45.74795349,83.94749466,#NV,#NV,#NV,#NV,#NV,#NV,#NV,#NV,#NV,#NV,#NV,#NV,#NV,#NV,#NV,0.280342345,15.63447691,10.17858359,276.0509502,16.40002716,147.2444253,160.6577282,32.25015202,291.7932511,63.45441145,555.5738326,88.90087042,687.4102113,97.1062752,900.5135228,93.84999104,498.0281751,38.29907723,165.1971177,13.40252055,30.08289005,1.76831325
4_B_8-10_EDGE,844.3,10362.2459,18.9683852,76.55098311,268.2671621,124.6493884,168.0056975,342.7858182,406.4653971,464.047995,141.5854466,85.35773338,152.4245239,294.6874129,63.00213654,182.2319863,341.4309335,69.77655983,35.22700108,3125.041461,0,506.0494193,945.7094905,94.84192598,702.5076946,344.8181452,28.45257779,233.040161,382.7549156,1444.307044,81.97052174,365.8188574,0,2.682857803,11.57037046,19.30434165,47.60106336,7.550453229,128.7684356,18.55279191,175.8102061,5.287065051,105.5927389,2.079870218,22.16197846,0.629204436,2.175998674,0,1.235835007,2.83704732,141.5514671,12.3153645,122.7345358,139.7245805,29.64929377,282.9739774,64.82223271,516.0417133,90.23744829,580.0902059,86.9812917,637.0030945,87.05651644,401.9472762,38.97716148,146.0434586,13.71239538,28.64987938,1.945096837
6_C_28-30_EDGE,313.8562914,4087.188606,32.55548598,30.21076954,279.6525264,97.66645795,307.5185795,342.6893261,154.931648,181.8958871,127.5165019,57.80627844,59.33936226,88.10722938,45.27106361,60.87244609,82.69634528,0,24.61952264,496.2682531,59.88045067,118.2278175,109.9311286,82.96688949,212.2870194,161.9657973,3.715473747,23.17662022,18.93809434,167.5570442,32.46530458,63.12698113,#NV,#NV,#NV,#NV,#NV,#NV,#NV,#NV,#NV,#NV,#NV,#NV,#NV,#NV,#NV,0,3.726906914,6.044365395,147.8972187,14.58237033,77.09953976,150.5941441,26.23742468,286.4026321,42.29700538,341.4930924,57.3672617,609.437371,72.66790863,793.980249,37.47235497,275.872426,11.62794957,77.43834948,2.317458481,16.4254952,0.935114826
