sample,XRF_depth_cm,Phytol_%,Cholesterol_%,Cholestanol_%,Brassicasterol_%,Campesterol_plus_x_%,Campestanol_plus_x_%,Stigmasterol_%,unknownM48620.75min_%,Fungisterol_%,Sitosterol_plus_x_%,Chondrillasterol_%,Sitostanol_%,b_Amyrin_%,unknown_d5unsaturated_C30sterolM498_%,a_Amyrin_plus_22dihydrochondrillasterol_plus_Lupeol_%,Triterpenoid_mz_189_371_plus_x_%,Dinostanol_plus_x_%,maybe_Lanosterol_plus_x_%,Friedelin_plus_x_%,Tetrahymanol_%,Diplopterol_%,C13.0.FAME_%,C14.0.FAME_%,C15.0.FAME_%,C16.0.FAME_%,C17.0.FAME_%,C18.0.FAME_%,C20.0.FAME_%,C21.0.FAME_%,C22.0.FAME_%,C23.0.FAME_%,C24.0.FAME_%,C25.0.FAME_%,C26.0.FAME_%,C27.0.FAME_%,C28.0.FAME_%,C29.0.FAME_%,C30.0.FAME_%,C31.0.FAME_%,C32.0.FAME_%,C33.0.FAME_%,C34.0.FAME_%,C36.0.FAME_%
1_A_18-20_EDGE,29.3,9.127323656,1.086528916,0.661051885,1.312488469,1.314892293,0.31970873,0.951914714,0,0.762012536,2.189884607,0.718743685,1.093740391,0.70672456,0.831723462,1.276431093,0.257209279,0.573793036,0.02403825,0,0.733166636,1.262008143,0.027170277,0.64921655,0.254577843,6.190805033,0.289306049,3.293152385,2.649867374,0.527907003,5.482177419,1.348659845,15.4246811,1.321680908,14.66314798,1.350860254,16.79850215,0.55249419,2.519660518,0.178998551,0.826397371,0.068308373,0.379044499,0
7_B_68-70_EDGE,523.8895522,4.922980957,1.43386236,0.598914513,0.833342178,1.315042859,0.518631066,0.695254649,0,0.3773322,4.890867578,1.441890705,0.993909071,2.076129934,1.395326305,1.571949888,1.082220863,0,0.348430159,6.994293885,0.529870749,1.26687279,0.07016676,0.625754021,0.439399635,4.420644889,0.468550818,1.913550419,2.949413856,0.396947355,5.98493725,0.814750088,7.644052062,1.001706962,14.2009828,1.26193573,16.56639974,0.618107049,4.833905784,0.191869475,1.716861036,0.058951201,0.533990359,0
8_A_68-70_EDGE,653.3188679,5.282517834,1.51035544,0.750209445,1.324045147,1.469367176,0.680653603,0.823491494,0.526637094,0.49434331,5.04279859,1.435831323,1.189901736,3.331228035,0.992412826,1.921480153,1.491724411,0.318342187,1.28554102,3.7125431,1.097988659,1.59978438,0.143478029,0.950163899,0.405111421,5.520033968,0.385632446,2.164319171,3.37268201,0.529059215,6.542116293,0.912948805,8.023287305,1.113069643,12.59638678,1.077751186,13.38482393,0.654237259,3.962484871,0.208783856,1.394387051,0.05787306,0.320172837,0
9_A_78-80_EDGE,986.8263158,9.11120326,1.92577005,1.808683231,0.674789825,1.395798132,0.508403293,2.092156582,0,0.178711461,3.512604571,0,2.582072483,1.118487245,0.579271631,1.968907299,0.191036389,0.484985929,1.401960596,0,0.194117621,0.835013894,0.121391655,1.777458008,0.859916028,12.66525445,0.559594478,3.822872305,3.679991523,1.019111009,6.348590578,1.290663439,7.499443109,0.976395882,10.74561734,1.176376354,9.345929463,0.838426899,4.326682759,0.312601053,1.294610422,0.145512106,0.629587643,0
1_A_48-50_EDGE,59.3,11.62576971,1.29722224,1.63198927,1.558143601,2.508291201,0.77784104,0.782764084,0,0.157537426,4.521816424,0,2.756904951,1.752603861,1.124915681,1.700911894,0.632611225,0.461043123,0.347074641,0.223998527,0.563688602,0.77784104,0,0,0.177085548,2.858383096,0.517359796,2.446242292,2.855603728,0.62575521,6.651031427,1.83160456,12.48969283,2.240965996,11.97550946,1.670401123,10.23006535,1.109762572,5.347507091,0.384347109,1.301539074,0.050425705,0.026602538,0.00714695
1_C_18-20_EDGE,229.8,24.32337434,4.446397188,3.0228471,2.231985941,3.057996485,1.054481546,2.231985941,0,1.010544816,20.42179262,2.741652021,7.23198594,3.119507908,2.592267135,7.996485061,10.19332162,0,0.386643234,1.968365554,0.474516696,1.493848858,#NV,#NV,#NV,#NV,#NV,#NV,#NV,#NV,#NV,#NV,#NV,#NV,#NV,#NV,#NV,#NV,#NV,#NV,#NV,#NV,#NV,#NV
2_C_8-10_EDGE,494.8,4.793180207,1.336760076,0.620489879,0.641311687,1.338842256,0.583010625,0.753749451,0,0.297751855,5.680189231,1.111884549,1.363828426,1.871880542,1.326349171,2.105084792,2.157139311,0.17573606,0.445586692,5.609395083,0.520545201,1.34925316,0.250552101,1.013643378,0.673198539,5.096987448,0.577120333,2.048406869,3.907831449,0.520189622,6.231654368,0.991668693,8.283682991,1.2514583,14.28627162,1.219717089,14.5813428,0.499232284,3.378322933,0.17465805,0.776805108,0.02266648,0.132621292,0
4_B_68-70_EDGE,904.3,1.795024271,0.808502667,0.934599414,0.541474263,0.875259768,0.215106214,0.556309175,0,0.111261835,4.902938193,3.894164224,1.839529005,3.679058009,0.111261835,3.256263037,0.934599414,0.178018936,0.853007401,4.680414525,0.407960062,0.593396453,0.019060619,0.382890674,0.39008336,5.020015614,0.316118568,1.892995189,2.697976679,0.573017352,6.588261012,1.222876571,10.02432719,1.96516181,13.45403984,1.752258292,12.43363739,1.306671368,5.81384844,0.649739341,1.875612864,0.157879467,0.295379656,0
1_B_58-60_EDGE,169.8,7.821636408,1.326884748,1.080130742,0.682065318,1.247737237,0.444622784,1.717966568,0,0.456262124,3.584916687,0.828721,1.894884535,1.403704391,0.409704764,1.517769922,0.670425978,0.141999947,0.321245781,0.141999947,0.225803194,1.096425818,0.108583357,0.767972032,0.666813178,4.652007985,0.602034389,1.774270611,3.057503152,0.915905255,7.506543787,1.34828975,11.13861067,2.643958335,12.94684838,2.043594457,14.36075217,0.885557599,4.998917888,0.338278919,1.77603393,0.076472381,0.376143885,0
2_A_58-60_EDGE,345.3,4.746659797,0.99139097,0.625583607,0.625583607,0.736916283,0.298654321,0.809370881,0,0.387013587,4.403825843,1.272373438,1.035570603,1.161040762,0.853550514,2.283203446,2.155966103,0.056726649,0.02650778,2.228420701,0.245638761,0.673297611,0.074756693,0.543455193,0.439725156,3.637862959,0.38444347,1.36987882,2.56537091,0.684700243,6.300608903,1.197337092,9.193638264,3.192739467,14.89024862,2.070022402,17.63294459,0.897216985,6.281885564,0.368385131,2.017610717,0.099493369,0.540380192,0
2_B_8-10_EDGE,394.8,4.51015361,1.372446317,0.657363306,0.854572298,0.843349022,0.41205456,0.785629317,0,0.375178082,4.505343633,1.327553213,1.194477227,1.045367989,0.925118604,2.217398663,1.827790656,0,0.136282637,2.10356258,0.206828943,0.840142371,0.085750127,0.707021474,0.45561011,4.030867668,0.396163362,1.642320685,3.545840038,0.70418538,6.793278531,1.238761236,8.886982989,2.664204168,14.21555815,1.867317452,17.60791547,0.798944275,5.353043424,0.315974203,1.854694053,0.079521843,0.615432331,0
3_A_98-100_EDGE,657.3,4.54393662,1.204844481,0.630304336,0.780698668,1.405933532,0.402178102,0.669170287,0,0.376830742,4.410440527,1.441419835,0.787457964,3.391476681,0.882088105,1.706722196,1.307923742,0.154111945,1.414382652,3.114345552,0.93954212,1.424521595,0.054846262,0.563702348,0.311158337,5.05523443,0.374126871,2.16998609,3.958560388,0.977603226,8.292336197,1.103037884,8.55409103,1.671848053,13.3144954,1.220182802,14.31663291,0.763325997,4.171916534,0.288131281,1.480765349,0.088256428,0.2814325,0
4_B_18-20_EDGE,854.3,4.004574055,1.114675253,0.626549488,0.81354294,0.930110287,0.429842091,0.541552465,0,0.11413886,8.868832293,1.253098977,1.707225932,4.125998375,0.580408247,3.358596677,1.08310493,0.469912116,1.595515558,3.601445314,0.641120407,2.647050165,0.013064463,0.702138929,0.297545676,5.671799882,0.294406154,2.502199123,2.46067641,0.545061548,5.21231563,1.121417043,9.89486222,1.503223442,9.861846602,1.348880484,10.79661399,1.227553146,5.63604984,0.445001941,1.585559941,0.11930184,0.253187267,0
6_B_68-70_EDGE,256.1181818,5.763669069,1.05233977,0.643019702,0.420382773,0.833851355,0.319435594,0.883633526,0,0.253059366,5.416576713,0.933415696,1.468574029,1.032980037,1.024683009,2.366035934,2.209775234,0,0.175620435,2.744933565,0.225402605,0.800663242,0.045122216,0.721292503,0.401252102,4.531198615,0.393959623,1.519197473,2.786638671,0.583646955,7.101341804,1.195137922,9.711800802,1.452322122,14.34617143,1.699396295,16.35715547,1.001224266,5.38963945,0.24504388,1.504281038,0.053616297,0.392509414,0
1_A_28-30_EDGE,39.3,9.578639065,2.376096513,2.074716624,2.288740023,2.970120641,1.078852644,1.817014979,0,0.262069468,4.166904545,0,2.751729416,1.834486278,1.607359405,1.882532347,0.511035463,0.104827787,0.183448628,0.155931334,1.058323869,1.433956774,0,0.316842698,0.477568022,6.591028523,0.921958798,3.814646,3.666269985,0.57894294,6.995790923,1.544953748,10.37839546,1.502929237,11.21519932,1.107198421,7.682006958,0.598296333,3.073503191,0.231872085,1.055589372,0.036679288,0.057875862,0.015667033
7_B_78-80_EDGE,536.5761194,4.80317269,1.336389142,0.601095534,0.68496933,1.772532879,0.559158637,0.724110435,0,0.343882562,5.074364629,1.218965828,1.137887826,2.748264699,3.461191961,1.906730952,3.430438236,0,0.271191939,7.327773934,0.659807191,1.171437344,0.061926236,0.484950176,0.30321272,3.389659098,0.359077079,1.77981469,2.951183314,0.386058375,5.090907105,0.743352549,7.253808662,1.154728176,13.69211655,1.290228961,16.81017977,0.64505505,3.698101673,0.137759131,0.527621037,0,0,0.0068939
8_A_78-80_EDGE,664.9789474,3.516773812,1.059802961,0.766738476,0.466858539,1.455099242,0.541828523,0.558867156,0,0.395296281,4.511829968,1.622077844,1.039356601,3.59855925,0.483897172,1.598223758,1.185888844,0.189128824,0.31691857,2.160498641,0.916678445,1.444876062,0.053657912,0.749261933,0.314411978,5.440106754,0.395223652,2.549855157,2.736943276,0.554378475,4.734368793,0.888408721,7.883555542,1.359636921,13.37121386,1.540878537,20.28554901,1.151111622,6.153769974,0.319219103,1.623768967,0.027283684,0,0.038197158
9_A_88-90_EDGE,1001.149462,9.339672224,1.393580935,1.621377818,1.426123346,3.977831294,0.916930313,0.962872541,0,0.04211371,6.954504855,0,3.985488333,0.802074741,0.608734529,2.297111431,0.440279691,0.449085285,1.142812937,0.139740945,0.264167815,0.723590101,0.020483295,1.068134141,0.5111172,10.88885543,0.614391616,3.980301069,3.240757592,0.577178509,9.381349237,1.13827066,8.155568791,1.071029686,9.023159676,1.010008769,7.585682764,0.441087924,2.808999755,0.130513981,0.655679934,0.045578013,0.148852428,0.014906691
1_A_98-100_EDGE,109.3,8.554631194,1.758428818,1.32090506,1.370907775,1.666757174,0.495860259,0.941717803,0,0.154175039,5.11277763,0,2.508469547,1.22089963,0.262514255,1.437578062,0.545862974,0.370853471,0.816711015,0.416689293,0.541696081,1.591753101,0.062795372,1.694053261,0.795723996,8.063044241,0.622859001,3.531351059,3.448887702,0.725701233,6.674200184,1.513131501,10.5215423,1.81478625,10.52130533,1.613959541,9.040874817,1.058161259,4.764154542,0.396914143,1.528415657,0.126775562,0.379971241,0.012203629
1_C_28-30_EDGE,239.8,5.741261859,0.898074481,0.620099046,0.494475533,0.702957109,0.219172939,0.48645701,0,0.211154417,4.479681041,0.727012675,1.448679668,0.994296747,0.70830279,1.916426794,2.036704625,0.041963599,0.126158082,0.654845976,0.280648275,0.481111329,0.0174446,0.516823886,0.409727289,4.267412948,0.475420562,1.440725248,2.633693009,0.632532374,6.254330839,1.012670088,8.991366541,1.523642304,14.23578752,1.990671792,19.17680494,1.023490156,7.92669388,0.41833918,2.95089767,0.113279493,0.689613756,0.02914794
3_A_38-40_EDGE,597.3,4.693711674,1.073191365,0.621826764,0.655439021,1.546163845,0.300109442,0.713060034,0,0.773081923,4.112699793,3.342018746,1.202838644,3.286798609,1.207640395,2.710588481,1.980722318,0,0.60261976,5.382762951,0.765879296,0.96275109,0.109858844,0.83515829,0.500960178,4.502672059,0.532348419,1.863171326,2.895420809,0.489213658,5.022599978,0.743111792,6.571214913,1.01414829,12.19654615,1.173111437,16.87435689,0.709316477,5.423811022,0.256016359,1.850654543,0.062776482,0.414209242,0.025418698
4_C_18-20_EDGE,954.8,3.876569461,1.118431529,1.200911731,0.54107012,1.289990348,0.458589919,0.834699637,0,0.194653275,5.832999835,0,1.629808778,3.62582965,0.240842188,3.160641314,0.339818429,0.297588566,1.398864214,1.276793516,0.481684376,0.468487543,0.009483584,0.463510192,0.425180704,6.285640766,0.365644868,2.446501364,2.579403263,0.714298315,4.411315665,1.107208488,9.052608256,1.920425858,14.46009544,1.787655675,13.42019406,1.545429121,6.742169985,0.733133767,2.571500276,0.227869461,0.412799358,0.049657102
1_B_68-70_EDGE,179.8,6.116975928,1.236177428,0.933440099,0.627339021,1.131901237,0.420468513,0.731615213,0,0.405331647,3.876719689,1.34886299,1.675146556,1.338771745,0.349829803,1.848379583,0.856073893,0.182819709,0.277509219,0.284236715,0.317874196,1.141992481,0,0.016458343,0.142587699,3.032026674,0.521437217,1.979461814,3.311510871,0.638799045,7.704965514,1.214533412,9.698578425,1.383731329,15.43884849,1.848717969,19.55727961,0.84168273,5.860092952,0.206113826,1.326665487,0.02445679,0.084445142,0.066141004
2_A_68-70_EDGE,355.3,5.641700348,1.359014981,0.615133096,0.718847398,0.829714409,0.312931081,0.83686712,0,0.24676851,5.607724973,1.019261235,1.148010023,1.418024842,1.103305583,2.301384579,3.036325575,0.078500997,0.069738927,2.846778748,0.302202015,0.740305529,0,0.035827472,0.137079025,2.701547189,0.318864504,1.750094139,3.476043677,0.660627436,7.754778508,0.999898022,8.636757416,1.263152058,14.42632118,1.66161586,18.38821654,0.791475596,5.348106994,0.204372364,1.112520903,0.016200248,0.043927597,0.040033306
2_B_98-100_EDGE,484.8,5.225493996,2.008653264,0.828756691,1.169911554,1.499417226,0.54418361,0.717257297,0,0.324513162,6.147444211,1.136628153,1.459477145,2.228323714,1.268097587,2.186719462,2.514560964,0.207688424,0.397736645,4.038940741,0.497586849,1.512730587,0,0.125887598,0.184695207,3.267917544,0.465464683,2.204056772,5.268522921,0.570057047,6.634694121,0.899641753,7.625168239,1.162555994,14.1347119,1.224557889,15.03902223,0.51215039,3.678096522,0.128262836,0.847386524,0.016544759,0.069045703,0.027438091
3_B_28-30_EDGE,687.8,4.849408382,1.27624313,0.725675945,0.43603659,1.585444185,3.358617582,0.859768239,0.418052447,0.459068913,2.541443365,0.810863991,4.267290068,3.327066454,1.015946323,1.102711925,0.15775564,0.539839801,0.407009552,2.808050397,0.810863991,2.531978027,0,0.060839609,0.098908155,3.622700954,0.285163773,2.768260605,3.465171908,0.722718505,5.927716397,0.929409692,7.539557328,1.117300155,11.7977461,1.182226878,18.01237789,0.886553384,5.312430597,0.224791262,1.549366478,0.051264085,0.109768201,0.046593098
4_B_28-30_EDGE,864.3,2.076315374,0.997226739,0.816138301,0.756602376,1.081569299,0.773967021,0.377060856,0,0.128994503,9.347140177,0,3.322352665,4.094831287,0.478768061,3.448122304,1.079088635,0.495388507,2.282210446,3.366260408,0.501094033,2.57989007,0,0.199628066,0.194841779,5.704656186,0.356777833,3.31031596,3.746665819,0.83899628,7.323617868,1.351727307,10.13137366,1.628933114,8.953149269,1.315231867,9.245910508,0.993553474,4.974747372,0.349598402,1.3293913,0,0,0.047862873
4_C_8-10_EDGE,944.8,2.461178064,0.954838312,1.028920595,0.584426898,1.070077419,0.485650521,0.625583722,0,0.230478213,4.658952454,2.979754043,0,6.47479152,0.123470471,3.876972802,0.510344615,0,1.827362977,2.494103523,0.658509181,1.36640655,0,0,0,2.00925186,0.248173626,2.292742502,2.745182113,0.588935106,3.976505106,0.894379569,9.074564101,1.921436576,15.96329126,1.9777529,14.68137903,1.642718504,6.989905639,0.639524345,1.942435884,0,0,0
6_B_78-80_EDGE,266.1181818,4.255912416,1.017644932,0.630131134,0.468386244,0.906445321,0.360556317,0.795245709,0,0.205550798,6.035106204,0.956990599,1.573642991,1.209716989,1.105256748,2.675530054,3.19109189,0,0.181963001,2.250949718,0.32348978,0.788506338,0,0.221708949,0.207598024,3.378012079,0.325986297,1.588077046,2.710971885,0.601029762,6.015798485,1.029619229,8.526108225,1.474711305,15.21612195,1.938697672,20.01814166,0.870811525,5.870384201,0.151632658,0.911709292,0,0,0.01076257
1_A_58-60_EDGE,NA,#NV,#NV,#NV,#NV,#NV,#NV,#NV,#NV,#NV,#NV,#NV,#NV,#NV,#NV,#NV,#NV,#NV,#NV,#NV,#NV,#NV,0,0.924853493,1.41407506,15.19352776,1.777101665,8.014244471,7.15508151,1.263678324,10.18376061,2.319912874,13.92639203,2.290525006,13.48211662,1.811675627,10.65915259,1.460749909,5.900046675,0.37685619,1.846249589,0,0,0
7_B_88-90_EDGE,549.2626866,4.894660803,1.084288088,0.448640658,0.743637255,1.616335522,0.237050837,0.50395252,0.153644061,0.207199991,4.71204386,0.388061,0.777877932,2.820904961,1.303779604,1.288854181,2.323098203,0.143459655,0.494294893,6.354718365,0.683057597,1.31343723,0.170140758,0.845058096,0.381212815,3.895273865,0.386986823,2.011664262,3.535873966,0.542628407,6.024214636,0.890736912,7.506338241,1.251804856,12.8108549,1.361511001,16.73333077,0.833895014,5.782604496,0.289726872,1.823559924,0.0671068,0.335790622,0.026688746
8_A_88-90_EDGE,679.8210526,5.504473141,1.422475754,1.026214651,1.432636295,2.051159234,0.863645993,0.599471925,0.516917528,0.476275364,6.078543712,1.463117918,1.861919157,4.244566043,1.149411212,1.954634094,1.839057939,0.347744519,0.346728465,3.425372418,1.206564255,3.271694235,0.011935504,0.471079412,0.251764531,4.921903341,0.328972321,2.607161591,3.075257127,0.598267123,5.380301281,0.830636461,7.58613156,1.064870721,10.67705404,0.992138746,13.28533458,0.626613945,4.519453076,0.288317011,1.364377268,0,0,0.035806511
9_A_98-100_EDGE,1009.966667,12.52495881,1.560204147,1.527469225,1.345501571,4.088014076,1.15486879,0.914170835,0.703800821,0.304242216,3.35051554,0,2.598093731,0.506909894,0.577675093,0.885768476,0.313870134,0.566651126,0.807782338,0.434219112,0.514130833,1.849523089,0.062028817,0.994945771,0.444140527,8.05300872,0.616561115,3.088751111,3.241027863,1.405454078,7.793268595,1.572372825,7.826989555,1.37155564,11.28897844,1.4023482,9.089661992,0.596949715,3.024060113,0.231254788,0.906561362,0.096104733,0.215725399,0.149880789
1_B_18-20_EDGE,129.8,3.954671819,1.728055614,1.138847642,0.840286826,1.963307148,2.133091131,0.905034955,0.054676198,0.158992627,3.346039408,0,2.596399963,0.694963249,0.866186078,0.871941467,0.081294873,0.707912874,0.82517893,0.502157709,0.415826871,1.117984356,0,0.265905674,0.229736516,4.533866349,0.380150325,2.138470303,2.734388364,0.591926983,6.329353255,1.564503177,11.01662672,2.244982237,14.26711156,2.286888573,15.15163456,1.386900138,6.691543722,0.504871561,2.11701825,0.139188899,0.50986041,0.012222681
2_B_38-40_EDGE,424.8,5.883201151,1.961966004,0.786134832,1.320787423,1.011996897,0.479366951,0.760514657,0.076186309,0.233952647,4.748497101,0.743659279,1.155604718,1.144143061,0.94390117,2.050288184,2.109619116,0,0.171250641,1.483273267,0.298003084,1.281008731,0.031931986,0.394138597,0.255378192,2.655871044,0.315823654,1.095787655,2.450915865,0.392895503,5.444287019,0.759919105,6.890549583,1.274327078,14.98052982,1.77793567,21.79128827,0.859522038,6.668812632,0.321728352,2.263053234,0.086628136,0.623489502,0.021831844
3_A_48-50_EDGE,607.3,5.90803356,1.375808336,0.718221484,2.427093289,2.277641732,0.441522601,0.86852705,0.358683737,0.631966585,5.200060183,2.13160621,1.525259893,3.357962988,1.183656333,2.374144738,2.141854318,0.200094285,0.759213911,5.142841587,0.854008899,1.482559448,0.010236949,0.204572517,0.189591617,2.636222324,0.255507578,1.405957496,2.502809083,0.47672554,4.807454147,0.76843696,6.661590245,1.132056702,12.03540565,1.245495409,16.34316354,0.747130791,5.067622449,0.243273176,1.54469728,0.05426415,0.283804834,0.023220396
4_C_48-50_EDGE,968.3,12.45881437,1.850330408,1.28286493,0.724645325,1.829527193,4.152552879,0.810169654,0.336318644,0.316671163,2.407394279,0,2.117305002,0.923431603,0.805546718,1.353364715,0.182605999,0.997976457,1.293266538,0.173360126,0.39063815,0.591735896,0.033436876,0.739070269,0.464080785,8.625561123,0.513083104,3.251832316,3.005859892,0.98946251,4.523778781,1.217755666,7.827111575,1.457194448,12.05975893,1.718924481,11.33990526,0.978701216,4.21688975,0.300739722,1.209300364,0.118566395,0.29132359,0.119142893
1_B_8-10_EDGE,119.8,11.37290726,3.321809046,2.25742657,1.933823107,5.641617007,3.306213699,1.875340553,0.21443603,0.460062755,7.633922667,0,6.351205324,1.228133626,1.902632411,1.809060326,1.173549909,1.125594216,1.567332437,1.76617312,1.002001085,1.02149527,0,0.352881748,0.322115797,5.965629045,0.439619488,2.859009371,3.201882917,0.557864528,5.209083196,0.928167959,5.965999717,1.010086936,5.945241969,0.835499432,5.47856327,0.611982947,2.490929984,0.236860753,0.623844518,0,0,0
2_A_78-80_EDGE,365.3,6.248612868,1.779834444,0.915170265,0.733348358,1.521243288,4.424333067,0.925271482,0.054546572,0.36162357,4.781916152,0.896988074,3.648559599,3.789976638,0.494959636,1.739429576,0.95355489,0.305460804,0.169700446,3.759672986,0.329299676,1.111133876,0.034869702,0.668088645,0.502643039,6.00463681,0.569043854,2.329963786,3.309283065,0.462209024,5.531670114,0.682555862,6.303996909,0.947417212,10.32328645,1.233422957,13.85810972,0.672169142,5.626634407,0.300102006,1.673745678,0,0,0.021515348
2_C_18-20_EDGE,504.8,6.453752187,1.854469105,0.740567231,1.383501629,1.837272412,0.610759941,0.827105425,0.135909342,0.331729741,6.038257912,0.865936665,1.241490235,2.123514129,1.274774155,1.726326011,1.751288951,0.267713667,0.330620277,5.602793285,0.507579788,1.397924661,0.06839172,0.692727865,0.452135565,4.900650545,0.466441996,1.835410435,2.54279367,0.295986103,4.146509707,0.573391292,5.507539822,0.991592701,12.23653482,1.234365859,17.26384962,0.758502554,6.118703584,0.280981797,1.82625083,0.061064035,0.424220577,0.018668148
3_B_38-40_EDGE,697.8,5.211969457,1.45021659,0.920441225,0.489201759,1.853634155,3.471941397,0.967970306,0.48340553,0.520501398,3.437164021,0,5.316301585,3.820874406,1.086213385,1.333132757,0.281696748,0.724296823,0.434717203,3.718860768,1.002747682,2.950280752,0.013082038,0.627937808,0.257215947,6.527359649,0.370144713,2.777816792,2.830144944,0.558872345,4.344583188,0.740674192,6.402118378,1.056951691,9.626263514,1.075035684,14.56415559,0.808008209,5.256478166,0.355908378,1.957496078,0.076953163,0.27991713,0.017314462
4_B_38-40_EDGE,874.3,4.136628792,1.415008291,1.171849516,2.330515726,1.664026313,0.874492702,0.821759473,0.364738162,0.194819982,14.13104035,0,4.195221267,4.734272047,0.515613787,3.786538749,1.312471458,0.452626876,2.153273486,5.092711516,0.793342122,3.283522344,0,0.204418244,0.212088722,5.999080986,0.27767131,2.968475056,2.98074782,0.484390697,4.37178904,0.689192465,6.288258011,0.942701768,6.503414925,0.849505458,7.296542368,0.730229523,4.272839871,0.277287786,1.180870116,0.026846674,0,0.019176195
6_B_88-90_EDGE,278.8454545,5.844119493,1.004035031,0.610895875,0.714477449,1.002857967,0.381368523,0.670926105,0,0.293088772,6.693959226,0.867495683,1.677315262,1.330081576,1.353622843,2.808473133,3.953755766,0,0.145955854,3.21220586,0.323692419,0.875735126,0,0.447247711,0.241066187,4.233879183,0.337163562,1.711816756,2.726433896,0.526560956,5.174942339,0.834599114,6.550089186,1.215697606,11.50453413,1.589555884,17.28847712,0.982036182,7.751141814,0.362339757,2.281818991,0.073718534,0.382250344,0.020568787
1_A_68-70_EDGE,79.3,#NV,#NV,#NV,#NV,#NV,#NV,#NV,#NV,#NV,#NV,#NV,#NV,#NV,#NV,#NV,#NV,#NV,#NV,#NV,#NV,#NV,0.153620868,1.816079212,1.361032989,10.03496671,1.056870514,4.778327481,4.648998558,1.085952415,8.83952949,2.585552111,15.97862309,2.999541532,15.33847912,2.479146566,13.34140784,1.745256229,7.611931106,0.742101698,2.709748937,0.19604623,0.471126804,0.025660501
7_B_98-100_EDGE,558.6114286,6.586818924,1.54556571,0.688014451,1.463936876,1.842479378,0.30857493,0.67994127,0.236813318,0.304986849,5.424280816,0.847684037,1.495332582,2.987974103,1.217256337,1.772511806,2.196802334,0.189899165,0.446716032,5.281654613,0.753496922,1.430747131,0.124940359,0.712662905,0.409324732,3.623657234,0.404373535,1.889423156,3.293396929,0.484521035,4.74626377,0.751730943,6.221720448,1.111234255,11.93981134,1.26348356,15.48711183,0.850058619,5.954897353,0.374821078,2.065422733,0.087032758,0.473148754,0.029475094
8_A_98-100_EDGE,694.6631579,#NV,#NV,#NV,#NV,#NV,#NV,#NV,#NV,#NV,#NV,#NV,#NV,#NV,#NV,#NV,#NV,#NV,#NV,#NV,#NV,#NV,0,0.729166104,0.331095423,8.311053259,0.485210531,3.818129769,4.122759164,0.992926189,7.476023038,1.449330157,11.39533586,1.910235152,16.48635559,1.958126061,24.99185314,1.547632551,9.008352104,0.814145462,3.418258678,0.17950089,0.521218734,0.05329214
1_B_28-30_EDGE,139.8,10.17541604,2.326733855,1.317796166,3.723950773,1.387657012,0.581683464,0.919221656,0.1264849,0.32724291,4.639495542,0,1.738431996,0.803767416,1.044235801,1.42663201,0.933929203,0.785015294,0.616981576,0.270618856,0.735377325,1.461194745,0.063877334,1.036999599,0.465096046,5.307573417,0.406282862,1.983995459,3.127111996,0.585829962,6.562216328,1.192952368,9.273262448,1.482299426,11.96232556,1.56252015,13.05986475,0.734186508,4.025192781,0.284513097,1.182363693,0.07343016,0.270471593,0.015767918
2_B_48-50_EDGE,434.8,8.381564331,2.523587155,1.154928387,2.232404021,1.42062074,0.650995288,0.965708371,0,0.415695786,5.840329712,1.576506661,1.478465202,1.69807807,1.204929531,2.796142411,2.695159708,0,0.149023018,2.416721965,0.350988423,1.506897225,0.076629822,0.669587204,0.454075872,3.441755341,0.478735573,1.095629734,2.370223035,0.352946998,4.899810396,0.670551101,6.023232497,1.050888843,13.01686843,1.404076815,16.24833354,0.65601232,5.047607955,0.29511317,1.706419214,0.064822082,0.48307311,0.034860946
3_A_58-60_EDGE,617.3,6.877260779,1.72768111,0.875791863,2.568097101,2.377832276,0.503867153,0.828942735,0.273445931,0.533506397,5.773916007,1.571836051,1.679875878,3.589216873,1.154018318,2.356797972,1.994434309,0.574523287,0.720902909,4.080654664,0.737156689,1.513513668,0.072442312,0.600386284,0.320815954,3.357093731,0.342188685,1.640075947,2.698588613,0.497797172,4.306792944,0.718948702,6.037159311,1.007293102,11.4601338,1.135454501,15.36811907,0.683327482,4.915128385,0.27439588,1.738165538,0.071467416,0.416505799,0.024447406
4_C_58-60_EDGE,978.3,15.82103251,2.157106638,1.693503125,1.405438806,2.065961287,0.909203006,0.66839924,0.326322861,0.201419973,3.029176353,0,2.60158088,0.891198987,0.495110548,0.927207026,0.25318153,0.570614907,1.287287425,0.096771607,0.320696605,1.298539937,0.006106903,0.558170938,0.428704593,10.49947625,0.579178684,3.994403138,3.808509011,0.883546731,4.6556586,0.998356508,7.496589893,1.096555509,10.52023972,1.382358571,9.769090651,0.75896591,3.627988957,0.310963503,1.043547591,0.114076949,0.299971077,0.147787054
7_B_58-60_EDGE,511.2029851,#NV,#NV,#NV,#NV,#NV,#NV,#NV,#NV,#NV,#NV,#NV,#NV,#NV,#NV,#NV,#NV,#NV,#NV,#NV,#NV,#NV,0.085171659,0.995175489,0.439187548,5.4961701,0.463360937,2.024012986,3.898693168,0.638561525,8.644584539,1.205732482,11.48981498,1.905179318,20.32665703,2.07371528,25.08045559,1.245042478,9.249709976,0.539947654,3.244543197,0.141651539,0.779309387,0.033323129
1_C_38-40_EDGE,249.8,6.257378734,1.139460942,0.679813986,4.985045058,1.240660524,0.471234695,0.624192842,0,0.321366612,4.989680153,0.844359871,1.464690133,0.817321815,0.785648663,2.422609841,1.603742994,0,0.171498528,0.966417382,0.421021162,1.541941723,0.016166364,0.393127923,0.249532576,3.321712224,0.31952342,1.261356741,2.310648831,0.616223739,5.645103954,1.0160084,8.297148343,1.418455756,13.26117291,1.679399883,16.95699381,0.845025332,7.242150479,0.3149588,2.575967385,0.082733743,0.405870821,0.022632909
2_A_88-90_EDGE,375.3,7.735357097,2.231598707,1.053337304,2.353683624,1.538837786,0.715474395,1.053337304,0,0.425877616,7.097960267,1.284730808,1.669440254,1.670859847,1.247821415,3.182725382,3.040766179,0,0.185966559,2.372138321,0.403164143,1.38978062,0.052890699,0.72223728,0.356273064,4.089830802,0.354301982,1.533173249,2.64239962,0.454662905,4.966633761,0.868425859,7.114948836,1.287445031,11.13497049,1.43412638,13.32927747,0.804201438,5.598858298,0.331963053,1.8362271,0.068002327,0.344282315,0.022010415
2_C_28-30_EDGE,514.8,8.623328829,2.22658683,0.894478193,2.020437559,2.540178305,0.568657523,0.942521455,0.168588175,0.482179651,7.670325206,1.476238424,1.470123827,3.054677969,2.313064702,2.642379428,2.942868195,0.162386227,0.478685595,5.362501588,0.731131101,1.814288288,0.069070513,0.522603855,0.354259663,3.51919525,0.406811554,1.481898536,2.172441715,0.381628752,4.129331606,0.63936784,5.647101462,0.994437239,10.59038007,1.08528966,12.08984989,0.631513397,4.474198326,0.255714747,1.523680932,0.058624913,0.362438,0.024535012
3_B_48-50_EDGE,707.8,5.290400592,1.36818595,0.715911253,2.188118498,1.750005285,0.433218092,0.531120485,0.318182779,0.337763258,5.028511691,1.154024464,1.38042375,3.905081724,0.92273006,1.726753467,1.386542649,0.424651632,0.283916941,3.34703808,1.083045229,3.154904634,0.024060828,0.77162161,0.253247827,6.250942145,0.317206989,2.565066982,2.549077191,0.589642564,4.561506553,0.865732949,6.86525467,1.173955198,10.10661365,1.157051706,15.03223058,0.997915218,5.890943429,0.483957662,2.316235382,0.114060506,0.353298231,0.029847609
4_B_48-50_EDGE,884.3,3.288810118,0.949574912,0.944842811,3.596396676,1.250852002,0.582048409,0.490561126,0,0.167200898,11.11728236,0,3.079020312,2.864498406,0.343865998,2.831373699,1.176715755,0.129028618,0.951152279,4.408740663,0.266575017,0.941688077,0.106148915,0.208551397,0.176082317,3.760169195,0.270991935,1.745837441,2.289070121,0.52699814,4.90158223,1.191365464,8.749168178,1.730851712,10.97205133,1.739593388,12.04228215,1.436132373,6.356446763,0.638142298,1.680899282,0.097407239,0,0
6_B_98-100_EDGE,291.5727273,5.345350013,1.12437666,0.69037303,1.302971074,1.072526669,0.504097136,0.679810995,0,0.311099947,5.996355457,0.853604484,1.688965452,1.168545171,1.13781925,2.766293046,2.996737451,0,0.107540722,2.182500553,0.202599039,0.835360969,0.041141675,0.550443255,0.28024877,3.637686822,0.340574485,1.449088384,2.75036721,0.844906705,5.791268611,1.293767004,7.590985766,6.831944972,11.13309909,2.550437161,13.29257477,0.945333996,6.276647925,0.570320694,2.089211246,0.102854188,0.670170152,0
1_A_78-80_EDGE,89.3,0.852911764,0.543731249,0.509081709,1.194076469,1.103454595,2.548073895,1.018163418,0,0,2.468113418,0,1.489930238,0.234550735,0.463770772,0.079960478,0.205231893,0,0.114610018,0.135932812,0.050641636,0.053306985,0.01913013,0.656731054,0.77781847,7.753378594,1.001914277,4.432724393,4.758777485,1.151801999,8.59510431,2.262400641,14.05328775,2.464843663,13.92000751,2.078246862,11.76334814,1.568039991,6.166418694,0.569909695,2.14572787,0.160609003,0.610482388,0.023754997
7_C_18-20_EDGE,576.0657143,4.915100375,1.076176309,0.637898406,1.019838968,1.746901198,0.430736684,0.660078462,0.248860227,0.542080565,4.689751007,1.785050894,1.490056151,2.734800885,1.261157975,2.154570625,1.895507572,0.219316392,0.470217184,4.8858227,0.636124002,1.190625398,0.083218009,0.444855305,0.314523828,3.017984564,0.361755671,1.467383278,2.520629705,0.443020484,4.300820365,0.708832774,6.335222511,1.182690088,14.01317885,1.545392763,20.15343683,0.887934976,5.395024731,0.282917557,1.473006116,0.051138236,0.300437138,0.025924245
8_B_38-40_EDGE,747.9857143,5.67941134,1.544933538,0.830061047,1.202005775,1.669794416,1.151885564,0.684976224,0.40008239,0.284893834,6.673901853,0,1.492175421,4.939918395,0.947008208,2.734629086,1.411279641,0.621930274,0.461633527,2.6510954,0.905681016,2.378511793,0.009430964,0.448570961,0.24486213,6.020727675,0.374495023,2.956007187,3.101586983,0.684516544,5.246874177,1.045808216,7.753795987,1.325136235,9.58580369,1.160180094,11.91850987,1.033633699,5.268308188,0.456630149,2.150431357,0.137349136,0.377752992,0.03378
1_B_38-40_EDGE,149.8,8.267513573,1.989390221,1.145981542,1.065857718,1.542383621,0.559812511,0.871873722,0.08750365,0.294138777,6.458401958,0,2.140149522,1.144927281,0.792804158,1.944057004,1.152307107,0.18175457,0.432246948,0.276216342,0.49761112,0.811780853,0.038424758,0.899920497,0.419927711,5.125165991,0.412855022,1.783162117,3.070285943,0.506488979,6.844885033,1.112101166,9.021478668,1.449690111,12.06579623,1.7037791,14.78075873,0.907626562,5.480172751,0.282801996,1.892208202,0.068932327,0.456980157,0.019845754
2_B_68-70_EDGE,454.8,6.403322414,2.747462348,0.908397717,2.103511363,1.41223833,0.877777569,0.9148929,0.077014311,0.327542793,5.776073327,0.681066317,1.301820221,1.667406227,1.100469552,2.034848001,2.125780561,0.193742026,0.552090543,2.134131511,0.437033018,1.416877746,0.022985517,0.444101937,0.22053672,3.110577251,0.289493272,1.384722109,3.334841351,0.427406376,6.13410462,0.764190796,5.998598783,1.111303169,14.2525738,1.503687692,18.4996917,0.695389552,4.691918718,0.19646405,1.3444198,0.041389462,0.314420133,0.023684401
3_B_18-20_EDGE,677.8,#NV,#NV,#NV,#NV,#NV,#NV,#NV,#NV,#NV,#NV,#NV,#NV,#NV,#NV,#NV,#NV,#NV,#NV,#NV,#NV,#NV,0.010373623,0.418402808,0.195946219,5.04158094,0.405147623,2.906631627,3.761879239,0.772834938,6.741414387,1.233308552,10.8133497,1.937274158,18.83994076,2.117083629,28.39808203,1.635574612,9.87453679,0.637113366,3.444907416,0.140332071,0.619247682,0.055037835
8_B_18-20_EDGE,723.6052632,3.804827085,1.327370978,0.637926006,0.933402423,1.560721584,1.422832589,0.960677169,0.537918604,0.44548752,7.550558884,1.160691974,2.083487551,4.870057447,1.407679953,2.088033342,1.777404288,0.457458103,0.472762266,4.041208218,1.430408908,3.285091645,0.005411269,0.308327181,0.169246063,4.066741111,0.265612699,1.946559991,2.120411389,0.532376731,3.871359772,0.819519371,6.641008268,1.11172788,9.516464337,1.181613839,14.7934875,1.044950522,5.895404525,0.428526426,2.426896436,0.129640182,0.447062899,0.021645075
1_C_48-50_EDGE,259.8,7.083340593,1.298394534,0.750272907,0.699986519,1.131443727,0.445537396,0.789496289,0,0.317809971,5.774888781,0.844811316,1.653416433,1.133455182,1.281297162,2.562594325,3.011148904,0.127123988,0.149853436,1.871659356,0.287638138,0.931303903,0.016183322,0.561534507,0.299658941,3.842201394,0.401038757,1.476962144,2.721941055,0.604266501,6.065401903,1.034729478,8.460466614,1.452352795,13.28396578,1.773143677,16.1713512,0.881790403,5.996188111,0.278527,1.954437002,0.063930807,0.485566518,0.028889235
2_A_98-100_EDGE,385.3,6.033692972,1.849931768,0.855086252,1.07674745,1.139864538,0.533489665,0.985077395,0,0.298303376,5.824805469,0.821273527,1.160152173,1.25407641,1.330718587,2.428505067,3.129555571,0.112333387,0.160046899,2.600574269,0.202124958,0.834047223,0.006629175,0.237998266,0.186703662,3.177874557,0.354389198,1.652729508,3.529764231,0.493927907,6.57331648,1.038933068,8.709323743,1.502214623,13.79194515,1.69206986,15.87426696,0.837232255,5.211292616,0.358301498,1.658271933,0.055858954,0.397098476,0.029450927
2_C_38-40_EDGE,524.8,#NV,#NV,#NV,#NV,#NV,#NV,#NV,#NV,#NV,#NV,#NV,#NV,#NV,#NV,#NV,#NV,#NV,#NV,#NV,#NV,#NV,0.071082894,0.801711183,0.654460316,5.417771588,0.753565234,2.590684787,4.236302478,0.681724988,8.012784101,1.201593036,11.36222739,1.946719205,23.46244021,2.365643051,27.45303607,0.972115382,5.868287833,0.336372479,1.425444647,0.036136509,0.297098368,0.052798253
3_B_8-10_EDGE,667.8,#NV,#NV,#NV,#NV,#NV,#NV,#NV,#NV,#NV,#NV,#NV,#NV,#NV,#NV,#NV,#NV,#NV,#NV,#NV,#NV,#NV,0.048473318,0.827530421,0.36400432,6.929715203,0.486247968,3.614443231,4.484084846,0.968860438,7.585619785,1.353617397,11.32018596,1.866222732,18.98972517,2.071779895,25.99215036,1.436627954,8.002793275,0.485642052,2.558633778,0.086040139,0.444288253,0.083313515
4_B_58-60_EDGE,894.3,3.979226518,0.881342462,0.968782738,1.039567723,1.278293556,0.467736078,0.513538128,0,0.199863488,10.09449406,0.960455093,2.065256038,3.292195782,0.363640512,3.328282243,1.279681497,0.263986356,0.886894226,5.18812303,0.154061438,0.567667822,0,0.127697377,0.1854406,3.630786204,0.343147895,2.020184925,2.757808025,0.59854265,5.469669828,1.163970907,8.328890681,1.680348469,11.47806944,1.726087724,11.7529189,1.430541769,6.162174568,0.612202337,2.133394755,0.188959004,0.402753802,0.033321358
6_C_18-20_EDGE,307.233775,7.049958714,2.045967039,1.059958827,1.083159021,1.419561822,0.655405458,1.104909202,0,0.376278134,6.533754414,0.871457258,1.759589654,1.373161436,1.067933894,2.9297494,2.345394533,0.123831031,0.22330186,1.765389703,0.280577337,0.969333073,0.003598998,0.347825714,0.207464803,3.478953722,0.265048767,1.636150798,3.147729837,0.489579785,6.744986096,1.062517002,8.608105943,1.513320489,14.08403901,1.588202861,14.46622935,0.685202725,4.729082992,0.170081666,1.410458813,0.039821168,0.260056609,0.02287105
1_A_8-10_EDGE,19.3,9.730557781,2.103489414,1.500847374,2.111166382,3.036241107,0.886689881,1.032552285,0.537387806,0.733150507,7.888085302,0,3.182103511,1.95762701,1.581455544,2.39137574,1.220638018,1.487412679,0.057577265,0.349302074,3.028564138,1.669740684,0,0.448988109,0.371327595,7.224549689,0.488454928,3.992514302,2.617965639,0.42013065,3.938618754,0.858085025,8.466269166,0.87208938,8.030861037,1.410196112,9.089250777,0.617464744,3.148858006,0.229162173,0.965876121,0.063231785,0.250805267,0.009336237
7_C_28-30_EDGE,584.58,6.319936885,1.259742247,0.637830742,0.792777977,2.183057963,0.312017035,0.760939504,0.27062702,0.656933826,5.27032856,2.637286844,1.484734123,3.479945096,1.578126977,2.429275488,2.525852189,0.154204337,0.543376606,7.816345115,0.728039749,1.321296628,0.042728467,0.512470738,0.313928956,3.513417578,0.406157437,1.769066864,2.938039163,0.518903708,4.877749031,0.757194476,6.460936909,1.03611453,12.24932369,1.20892443,14.53682025,0.582759404,3.597655634,0.171591021,1.055752018,0.031758559,0.22806573,0.027966492
8_B_48-50_EDGE,756.7117647,4.932419275,1.159826049,0.760583095,0.597601003,1.326598422,1.214153413,0.703728877,0.432092057,0.209728893,7.437795152,0,1.819334979,4.814920558,0.955150864,2.576127792,1.686675136,0.524701262,0.597601003,3.169938516,1.051171321,2.396721149,0.00535997,0.389063918,0.182005942,4.820127911,0.320199954,2.281249891,2.380875423,0.619892196,4.711646776,0.965843311,8.333122239,1.386134881,9.389852001,1.192243788,15.06081691,1.108232083,5.509932761,0.47587213,2.041682531,0.120249764,0.301906143,0.036820664
1_B_78-80_EDGE,189.8,7.098288168,1.411161653,0.927305198,0.740808063,1.289938515,0.606115688,0.986362624,0.091176377,0.53462512,4.638598178,1.348995941,1.753073067,1.236061565,0.584357689,2.298059137,1.016409384,0.113970471,0.286998368,0.35123627,0.496289598,0.6465234,0.024862046,0.448511312,0.330913834,3.89613125,0.418303926,1.522924636,2.74315386,0.541122434,6.500927825,0.9538324,9.003914319,1.434167132,15.74712278,1.850606404,17.98358814,0.763016196,5.313765123,0.196037234,1.4495816,0.038411861,0.330167973,0.052583228
2_B_78-80_EDGE,464.8,5.4591998,2.40246114,0.770210905,1.779175713,1.694234421,1.699973697,0.918284239,0.278928838,0.325990905,7.090302179,0.988303412,1.729817935,2.834054733,1.679312302,2.59759654,3.63296202,0.180098496,0.57622336,4.38021582,0.67149535,1.983493957,0.029043412,0.341401358,0.243761247,2.549548272,0.331004494,1.243894322,2.752400123,0.394459265,4.93037353,0.718344168,5.941977057,1.093139799,13.69306489,1.371029881,15.37554864,0.546739414,3.499053141,0.13448117,0.888140771,0.027743804,0.201947774,0.020567708
3_B_58-60_EDGE,717.8,4.337926226,1.240155025,0.718627103,0.636647798,1.562839525,0.681998052,0.61397267,0,0.312219057,4.692007057,1.147710276,1.243643506,3.671626339,0.873864511,1.651795793,1.046544325,0.421234091,0.392454122,2.630314736,0.980263184,1.779125352,0.018195097,0.559070105,0.253186492,5.054632299,0.349139882,2.450673594,2.814060579,0.643694472,5.265935736,0.999013821,7.990737349,1.455264462,12.31069969,1.446338566,17.44823983,1.157620139,6.18581805,0.417800625,2.070808029,0.095266782,0.351371356,0.027464297
8_B_28-30_EDGE,738.55,3.6904838,1.205867238,0.669190061,0.586369508,1.378133986,0.964031226,0.644343895,0,0.225271902,4.939417725,0.982251747,1.012067146,4.238755853,0.718882392,1.964503494,1.388072452,0.423378662,0.369379662,2.143395886,0.894461962,1.81377009,0.024970117,0.666856568,0.269136669,6.461468167,0.34674997,3.300431599,2.787514513,0.664797177,5.182200183,1.065992298,8.246960218,1.53952353,11.61818338,1.485207091,15.73567839,1.225852529,6.097985644,0.450234371,2.101994714,0.107989319,0.329116434,0.03912843
1_C_8-10_EDGE,219.8,5.96448164,1.326832817,0.767589233,0.73077628,1.054260314,0.395543431,0.655583865,0.044645496,0.286671081,6.835460443,0,2.077190455,0.980634407,1.3511137,2.401457742,4.258553732,0.087881135,0.133936489,1.163915918,0.419824315,0.522430631,0.041594928,0.614033729,0.355906687,3.363928441,0.40458608,1.24904028,2.483210197,0.558129584,6.898094471,1.022617973,9.757973749,1.388625283,12.07782039,1.752668583,16.26466906,0.918385151,6.192173127,0.446040722,2.092372188,0.078630547,0.551185406,0.029530295
2_B_18-20_EDGE,404.8,5.908175974,1.984737903,0.795941283,2.639496798,1.189819681,0.785710675,0.959631007,0,0.376486365,6.494389798,0.628159316,1.445584875,1.201073349,1.279849029,2.479899318,2.995521948,0.526467075,0.215865823,2.105459074,0.350909846,1.121274609,0.017647844,0.343727252,0.215425401,3.115757208,0.288045263,1.337787681,2.372215017,0.361172247,5.14880907,0.79253017,7.253060853,1.157962241,12.95919694,1.497632518,18.26490954,0.781779185,5.879673213,0.240477225,1.904648587,0.067751491,0.489676946,0.02566037
3_A_68-70_EDGE,627.3,5.443321667,1.691395797,0.623442432,1.382844627,1.098244918,0.686843358,0.622737978,0.534681137,0.371952095,5.048827022,0.881272862,1.237022499,2.609300305,0.891135228,1.699144798,0.598786517,0.358074337,0.986236616,4.182347708,0.816463027,1.141216656,0.048994868,0.521086984,0.295149807,3.675574328,0.354105981,1.707958144,2.558358523,0.469509555,4.649716265,0.758092278,6.596376815,1.127767411,12.90763892,1.387425453,18.95001954,0.981668257,6.68337222,0.392844393,2.379055016,0.100867446,0.519537447,0.029588768
4_A_58-60_EDGE,794.3,4.003460306,1.205433783,0.830109379,1.477628508,1.469175256,0.679641488,0.588346363,0.510576441,0.278957327,10.02555727,0,2.946803765,3.645042406,0.764174011,2.659393184,1.521585421,0.351824362,0.50719514,2.767594815,0.676260187,1.240937443,0.004144106,0.231113601,0.150462924,4.080669252,0.242430198,2.176611956,2.374891487,0.476731573,4.31337674,0.938002443,8.212661663,1.314159752,10.16150718,1.435454546,13.31166526,1.387319161,7.362004221,0.566148628,2.441994125,0.198120142,0.444694446,0.026139745
4_B_8-10_EDGE,844.3,2.105482636,1.111226946,0.669926293,1.196296952,2.312840774,0.494469407,1.430239467,0.54763816,0.276477518,24.52674595,0,3.97170588,7.422357977,0.744362548,5.51359973,2.706289549,0.223308764,3.004034568,11.33557823,0.643341916,2.871112685,0,0.009699395,0.022266437,1.11096026,0.096656579,0.963276429,1.096622023,0.232701135,2.220908408,0.508754349,4.050129946,0.708224514,4.55281163,0.682668717,4.999489851,0.683259115,3.154664939,0.305910481,1.146215451,0.107621112,0.224857277,0.015266004
6_C_28-30_EDGE,313.8562914,5.254224679,2.39583157,1.08608772,1.114891918,1.655394232,0.850571038,1.143696117,0,0.462561541,9.324088491,1.125058106,2.221312013,2.06543047,1.558815448,3.98853431,3.043078853,0.069807822,0.35581657,3.14812946,0.609971262,1.186055232,0,0.070022633,0.11356398,2.778752713,0.273979467,1.44857731,2.829423637,0.492959338,5.381048393,0.79469323,6.416110224,1.077839296,11.45035561,1.365314034,14.91762178,0.704045749,5.183202625,0.218470616,1.454943004,0.043541346,0.308608842,0.017569315
